video,channel
C7XaM2JEU98,UC9CjkhQp1jX8Hbtbg6OZ9dw
YdupVbFgPmA,UCp6NUFV9mSEK6RxUiEVymVg
I7tkWD8PZzg,UCp6NUFV9mSEK6RxUiEVymVg
99SQNVCmKQQ,UCp6NUFV9mSEK6RxUiEVymVg
MDnlVY0Z_Hc,UCp6NUFV9mSEK6RxUiEVymVg
BSg69nqB-RU,UCp6NUFV9mSEK6RxUiEVymVg
l94V-lRGw_k,UCp6NUFV9mSEK6RxUiEVymVg
zialx0c2l3U,UCp6NUFV9mSEK6RxUiEVymVg
_wpgkHiqRvk,UCOghGALkYmQpJxj65TyWpAw
zrPnt7fWZLg,UCp6NUFV9mSEK6RxUiEVymVg
5fElIMWee3g,UCOghGALkYmQpJxj65TyWpAw
0Vulod-xcSM,UCe9KurO7bRXqRGn0756FYfA
ti2e-KWmb_0,UCe9KurO7bRXqRGn0756FYfA
gbgQmY2UgI4,UC9CjkhQp1jX8Hbtbg6OZ9dw
jTt_yZaaYN0,UC9CjkhQp1jX8Hbtbg6OZ9dw
BWmSDx45lTY,UCp6NUFV9mSEK6RxUiEVymVg
XpqQl2Mn4ak,UCp6NUFV9mSEK6RxUiEVymVg
FLrd9sbTumc,UCG5LuxhUtax6wVhH1qPNxvA
6JmIvf1qPA8,UCG5LuxhUtax6wVhH1qPNxvA
mY1EX7IL-rw,UCG5LuxhUtax6wVhH1qPNxvA
2hAOH-efwoY,UCBwSCyzT3GukpVdUdxMjKYw
4tQWpxgFeig,UCp6NUFV9mSEK6RxUiEVymVg
X2AGu5N_SQE,UCp6NUFV9mSEK6RxUiEVymVg
TbE0x6v5EkY,UCOghGALkYmQpJxj65TyWpAw
RSzKb8Mb0GM,UCp6NUFV9mSEK6RxUiEVymVg
szBQU1ox7Lk,UCp6NUFV9mSEK6RxUiEVymVg
ph9AzRoeNBg,UCBwSCyzT3GukpVdUdxMjKYw
0bMYRWxzeVQ,UCG5LuxhUtax6wVhH1qPNxvA
Tq3_rX3Eg8I,UCp6NUFV9mSEK6RxUiEVymVg
OkL5oaLlz9s,UCp6NUFV9mSEK6RxUiEVymVg
qo2iMxEcV4c,UCp6NUFV9mSEK6RxUiEVymVg
kBaLfBgHPNg,UCp6NUFV9mSEK6RxUiEVymVg
mMbsMtM2Sxg,UCp6NUFV9mSEK6RxUiEVymVg
uZt_weC-dPE,UCp6NUFV9mSEK6RxUiEVymVg
pwHNMb2i7FQ,UCp6NUFV9mSEK6RxUiEVymVg
uftv5MVSkW4,UCp6NUFV9mSEK6RxUiEVymVg
_nSJYGEBYrg,UCBwSCyzT3GukpVdUdxMjKYw
A4-kCV1kU8w,UCp6NUFV9mSEK6RxUiEVymVg
0xZx5J7tm8Y,UCp6NUFV9mSEK6RxUiEVymVg
uBLr0obH25Q,UCp6NUFV9mSEK6RxUiEVymVg
0bknoLTU6TM,UCp6NUFV9mSEK6RxUiEVymVg
-TKBQwIJMVE,UCp6NUFV9mSEK6RxUiEVymVg
3The3Ki_o-U,UC9CjkhQp1jX8Hbtbg6OZ9dw
xaVoONUE_xk,UC9CjkhQp1jX8Hbtbg6OZ9dw
9tAXBvuyXJU,UC9CjkhQp1jX8Hbtbg6OZ9dw
O11SLufiIic,UC9CjkhQp1jX8Hbtbg6OZ9dw
5IZDzLhixHM,UC9CjkhQp1jX8Hbtbg6OZ9dw
tZjz1lbmulk,UC9CjkhQp1jX8Hbtbg6OZ9dw
VcPjOjPGa_g,UCp6NUFV9mSEK6RxUiEVymVg
zW7H97gnKjY,UCp6NUFV9mSEK6RxUiEVymVg
kNsZ6HEYW7c,UC9CjkhQp1jX8Hbtbg6OZ9dw
Wr1ujFGDDPI,
ME0rVRis4sM,UCp6NUFV9mSEK6RxUiEVymVg
pD_0FyQEwfQ,UCp6NUFV9mSEK6RxUiEVymVg
SJtRh1B0FxY,UCp6NUFV9mSEK6RxUiEVymVg
t9RFnfj_e_w,UCOghGALkYmQpJxj65TyWpAw
d423Yut_RD0,UCp6NUFV9mSEK6RxUiEVymVg
_SvoS-1qm9k,
P2XF0FWcv6w,UCp6NUFV9mSEK6RxUiEVymVg
I7vS-30rubA,UCBwSCyzT3GukpVdUdxMjKYw
lbA_WI5cmbc,UC9CjkhQp1jX8Hbtbg6OZ9dw
XSeqEHwHMAU,UCp6NUFV9mSEK6RxUiEVymVg
TQLC-O8bMZU,UCBwSCyzT3GukpVdUdxMjKYw
4kfH0RHrFV8,UCOghGALkYmQpJxj65TyWpAw
dIBHhfPhNA8,UCOghGALkYmQpJxj65TyWpAw
qEXE0quSlGQ,UCOghGALkYmQpJxj65TyWpAw
xJXIEq8y57Q,UCp6NUFV9mSEK6RxUiEVymVg
wj3xL0QKA2M,UCBwSCyzT3GukpVdUdxMjKYw
sioEjQDaJ6Y,UCBwSCyzT3GukpVdUdxMjKYw
tUmFwf2cOKU,UCBwSCyzT3GukpVdUdxMjKYw
dnYOAsHcmQ0,UCBwSCyzT3GukpVdUdxMjKYw
aHUVnGA0Too,UCBwSCyzT3GukpVdUdxMjKYw
qUmkGLXZMV0,UCBwSCyzT3GukpVdUdxMjKYw
x0Kh8mjEm3E,UCBwSCyzT3GukpVdUdxMjKYw
UNDIZ32ldqE,UCBwSCyzT3GukpVdUdxMjKYw
hZ0l1-gQPhU,UCp6NUFV9mSEK6RxUiEVymVg
9RtRwyWcoWY,UCBwSCyzT3GukpVdUdxMjKYw
Dnu-w5oe0j8,UCBwSCyzT3GukpVdUdxMjKYw
NXNs137Tmbg,UCBwSCyzT3GukpVdUdxMjKYw
53fcUAZ8Mhw,UCBwSCyzT3GukpVdUdxMjKYw
_RKPUJKnJR8,UCBwSCyzT3GukpVdUdxMjKYw
SaeLgRDIk2Y,UCBwSCyzT3GukpVdUdxMjKYw
M5wRdcrF5pA,UCBwSCyzT3GukpVdUdxMjKYw
1JS3ALBPbnk,UCBwSCyzT3GukpVdUdxMjKYw
_EXRiYZp3Qg,UCp6NUFV9mSEK6RxUiEVymVg
2QI6z3EesuM,UCp6NUFV9mSEK6RxUiEVymVg
8ltY312O4S8,UCp6NUFV9mSEK6RxUiEVymVg
LIgFGVvR5SM,UCp6NUFV9mSEK6RxUiEVymVg
tlWIiKJUIZ0,UCMdzdYJY7y12A367ycm-c4A
UJ-B1idAt_s,UCMdzdYJY7y12A367ycm-c4A
g3rYGa9QaJ4,UC9CjkhQp1jX8Hbtbg6OZ9dw
fLPM9tg5QQg,UCp6NUFV9mSEK6RxUiEVymVg
UkCUPklQZKQ,UCp6NUFV9mSEK6RxUiEVymVg
Ei2YYFUXB5o,UCp6NUFV9mSEK6RxUiEVymVg
GtuWz7UBdbE,UCp6NUFV9mSEK6RxUiEVymVg
daNoen1fV40,UCoyG8VyvB-XUxQl1mD3T3Gw
DCBLKqMTYoA,UCoyG8VyvB-XUxQl1mD3T3Gw
jU6G47IOkJI,UCoyG8VyvB-XUxQl1mD3T3Gw
536MQ6qZy4c,UCoyG8VyvB-XUxQl1mD3T3Gw
IJZVNzpekzk,UCp6NUFV9mSEK6RxUiEVymVg
KORSlxheDMM,UC9CjkhQp1jX8Hbtbg6OZ9dw
OFMwOJf2F-s,UCp6NUFV9mSEK6RxUiEVymVg
_EZT57dtWHM,UCp6NUFV9mSEK6RxUiEVymVg
b1kXvDscGvU,UCp6NUFV9mSEK6RxUiEVymVg
6L0is9gUowY,UCp6NUFV9mSEK6RxUiEVymVg
Yzvvu1kM0Fg,UCp6NUFV9mSEK6RxUiEVymVg
8ZRKfGpGeFo,UCp6NUFV9mSEK6RxUiEVymVg
7iCgHhCU-fc,UCp6NUFV9mSEK6RxUiEVymVg
KRWUhyGAoek,UCp6NUFV9mSEK6RxUiEVymVg
A0YoPxtTA-k,UCp6NUFV9mSEK6RxUiEVymVg
Ohefn16wbH0,UCp6NUFV9mSEK6RxUiEVymVg
7-iB_KhUaQg,UCp6NUFV9mSEK6RxUiEVymVg
ySe1jCSpb4I,UCp6NUFV9mSEK6RxUiEVymVg
183xs4Q3SAo,UCp6NUFV9mSEK6RxUiEVymVg
66j70yBaWfg,UCp6NUFV9mSEK6RxUiEVymVg
x6pSuFcavak,UCp6NUFV9mSEK6RxUiEVymVg
N8fxzeZh4Kc,UCp6NUFV9mSEK6RxUiEVymVg
Reigh1m3OJ4,UCp6NUFV9mSEK6RxUiEVymVg
oLgWYEeTGMQ,UCp6NUFV9mSEK6RxUiEVymVg
VzO6xV6t_SA,UCp6NUFV9mSEK6RxUiEVymVg
StwlPSepCew,UCp6NUFV9mSEK6RxUiEVymVg
QAPXx0uD1aE,UCE_2iqCm2eowadFiy2V8mUw
wP2RVcj7InU,UCE_2iqCm2eowadFiy2V8mUw
wtBY4Dhe8d4,UCp6NUFV9mSEK6RxUiEVymVg
lYpOTnqpw2s,UCp6NUFV9mSEK6RxUiEVymVg
OJOp0IiuGVk,UCp6NUFV9mSEK6RxUiEVymVg
1dNGNOQiQVk,UCj1LxybwM853cCvndtZmOkQ
Dzu2YnUILRo,UCj1LxybwM853cCvndtZmOkQ
HFBFcNWYnbQ,UCp6NUFV9mSEK6RxUiEVymVg
MUbpjNJjdmo,UCp6NUFV9mSEK6RxUiEVymVg
N_ySjyqzdQg,UCp6NUFV9mSEK6RxUiEVymVg
k0IdJo0MFHw,UCp6NUFV9mSEK6RxUiEVymVg
TfCgGpyVnCc,UCp6NUFV9mSEK6RxUiEVymVg
zKD7zOHzlCs,UCp6NUFV9mSEK6RxUiEVymVg
e7t7POq4R3Q,UCp6NUFV9mSEK6RxUiEVymVg
Dhp9mSdK4dU,UC9CjkhQp1jX8Hbtbg6OZ9dw
y1WC4kDXH2I,UCp6NUFV9mSEK6RxUiEVymVg
fFWhKjNzR6I,UCj1LxybwM853cCvndtZmOkQ
3PLpRYv-dCs,UCj1LxybwM853cCvndtZmOkQ
wwXrL5ezN34,UCOghGALkYmQpJxj65TyWpAw
7sqdybn-XtY,UCp6NUFV9mSEK6RxUiEVymVg
ZUJjyw_MQXo,UCp6NUFV9mSEK6RxUiEVymVg
-7gMELHTcP0,UCp6NUFV9mSEK6RxUiEVymVg
VOv6r-4R7aQ,UCp6NUFV9mSEK6RxUiEVymVg
rpcvx_EtXDU,UCp6NUFV9mSEK6RxUiEVymVg
X4mJ0PnSkmQ,UCp6NUFV9mSEK6RxUiEVymVg
NnGR0nEwfUM,UCp6NUFV9mSEK6RxUiEVymVg
lR-MhsPnDjY,UCE_2iqCm2eowadFiy2V8mUw
yCQm3UTnegs,UCp6NUFV9mSEK6RxUiEVymVg
dHzdjRG0q1E,UCp6NUFV9mSEK6RxUiEVymVg
rb2FBlitiV8,UCMdzdYJY7y12A367ycm-c4A
eEZtS2k04f8,UCp6NUFV9mSEK6RxUiEVymVg
QAYj5QOOuSw,UCp6NUFV9mSEK6RxUiEVymVg
Gih0AkQRbRM,
wu-HTGFBqSI,UCp6NUFV9mSEK6RxUiEVymVg
CxniADe8i78,UCj1LxybwM853cCvndtZmOkQ
CNeNZ1GWS_M,UCj1LxybwM853cCvndtZmOkQ
FU-OX2kBjSQ,UCj1LxybwM853cCvndtZmOkQ
BOhQ9IarUb8,UCp6NUFV9mSEK6RxUiEVymVg
0IOVmBLBwvo,UCp6NUFV9mSEK6RxUiEVymVg
OXIVkv6upos,UCp6NUFV9mSEK6RxUiEVymVg
I46UdqOyJqU,UCp6NUFV9mSEK6RxUiEVymVg
iNs3bVgP2XM,UCp6NUFV9mSEK6RxUiEVymVg
sszV5Xr49UU,UCBwSCyzT3GukpVdUdxMjKYw
1EulJ9OIgyc,UCQlQLpuRH6-YrhB3Nd3oqFg
fafUbkbAOMk,UCBwSCyzT3GukpVdUdxMjKYw
PnUKARm8hzI,UCp6NUFV9mSEK6RxUiEVymVg
FUu4kMc0PL8,UC9CjkhQp1jX8Hbtbg6OZ9dw
ZWMhZ83AHvY,UCp6NUFV9mSEK6RxUiEVymVg
0qFm3WjNQJw,UC9CjkhQp1jX8Hbtbg6OZ9dw
IQ0Ru-uoDo0,UCp6NUFV9mSEK6RxUiEVymVg
VvqsKjAvCx4,UC9CjkhQp1jX8Hbtbg6OZ9dw
G2fu055fjns,UCp6NUFV9mSEK6RxUiEVymVg
jB9MnMTmMZw,UC9CjkhQp1jX8Hbtbg6OZ9dw
-QM6geDAiE4,UC9CjkhQp1jX8Hbtbg6OZ9dw
7YYqJZIvw2U,UC9CjkhQp1jX8Hbtbg6OZ9dw
3YoboO1HO6k,UCp6NUFV9mSEK6RxUiEVymVg
AKrj1emGdN8,UCp6NUFV9mSEK6RxUiEVymVg
Hnl6bwwE4gY,UCp6NUFV9mSEK6RxUiEVymVg
5dwMrFxq8sU,UCp6NUFV9mSEK6RxUiEVymVg
6nyVOg2BZek,UCp6NUFV9mSEK6RxUiEVymVg
LymzLHRbQdk,UCp6NUFV9mSEK6RxUiEVymVg
upGkDWL1icc,UCp6NUFV9mSEK6RxUiEVymVg
euzvG_vE_Wk,UCp6NUFV9mSEK6RxUiEVymVg
voWBbUND3Fk,UCp6NUFV9mSEK6RxUiEVymVg
B7pdwA6032E,UCp6NUFV9mSEK6RxUiEVymVg
ZO3Z-B3MbkM,UCp6NUFV9mSEK6RxUiEVymVg
niGMFzXqh94,UCp6NUFV9mSEK6RxUiEVymVg
4IOuDi644ac,UCp6NUFV9mSEK6RxUiEVymVg
jKXUgyNUijQ,UCp6NUFV9mSEK6RxUiEVymVg
4IoXK32Qmfk,UCp6NUFV9mSEK6RxUiEVymVg
VBtTSkxNcGo,UCp6NUFV9mSEK6RxUiEVymVg
mgR0BspLr1w,UCoyG8VyvB-XUxQl1mD3T3Gw
09yd-jzpHZg,UCp6NUFV9mSEK6RxUiEVymVg
YfQtXLZRPrA,UCp6NUFV9mSEK6RxUiEVymVg
XwzCKqPG9hY,UCE_2iqCm2eowadFiy2V8mUw
dDNEkMdrl24,UCp6NUFV9mSEK6RxUiEVymVg
o12-wpZK2Sw,UCp6NUFV9mSEK6RxUiEVymVg
X2_7VQu5oUM,UCp6NUFV9mSEK6RxUiEVymVg
iApJrzdnzcs,UCp6NUFV9mSEK6RxUiEVymVg
CUuLwFMsK8k,UCp6NUFV9mSEK6RxUiEVymVg
1Lp4RbjISR8,UCp6NUFV9mSEK6RxUiEVymVg
y_9_iWNUBug,UCp6NUFV9mSEK6RxUiEVymVg
y6v3JIIYpGA,UCp6NUFV9mSEK6RxUiEVymVg
4ZcwSZwGif0,UCp6NUFV9mSEK6RxUiEVymVg
EXpIrlkCDDY,UCp6NUFV9mSEK6RxUiEVymVg
R1qI2KJFj9w,UCp6NUFV9mSEK6RxUiEVymVg
3ShYFGs9KZk,UCp6NUFV9mSEK6RxUiEVymVg
Fm4ysZ_dR3w,
umAGhvgvJrk,UCp6NUFV9mSEK6RxUiEVymVg
l0uGt5G5eXI,UCOghGALkYmQpJxj65TyWpAw
ep-YaKpL0I0,UCp6NUFV9mSEK6RxUiEVymVg
9T7dB5yFBm0,UCp6NUFV9mSEK6RxUiEVymVg
0lBJoxWbWIw,UCp6NUFV9mSEK6RxUiEVymVg
6cgqLYUODss,UCp6NUFV9mSEK6RxUiEVymVg
AIjnhER6_ZA,UCj1LxybwM853cCvndtZmOkQ
BYr2q8UCuEE,UCp6NUFV9mSEK6RxUiEVymVg
oN4Ruosp-b0,UCp6NUFV9mSEK6RxUiEVymVg
eG3baoBw810,UCj1LxybwM853cCvndtZmOkQ
Ze6EUtx7TRg,UCj1LxybwM853cCvndtZmOkQ
msm0o_zGkRk,UCOghGALkYmQpJxj65TyWpAw
sojTeIlRmA0,UCOghGALkYmQpJxj65TyWpAw
FJOy8SrOMSw,UCOghGALkYmQpJxj65TyWpAw
vtJ42galzfA,UCOghGALkYmQpJxj65TyWpAw
tygx7BF3YpM,UCp6NUFV9mSEK6RxUiEVymVg
FOlDY1kmSKU,UCp6NUFV9mSEK6RxUiEVymVg
ejQJxAmcGW0,UCp6NUFV9mSEK6RxUiEVymVg
moL2jHbI-eA,UCp6NUFV9mSEK6RxUiEVymVg
JmB_MdoXo94,UCp6NUFV9mSEK6RxUiEVymVg
TIz-6L-8bOo,UCp6NUFV9mSEK6RxUiEVymVg
2SNfQpr3FiE,UCp6NUFV9mSEK6RxUiEVymVg
YjFLOtnAx1I,UCp6NUFV9mSEK6RxUiEVymVg
sSWva6cCrCs,UCp6NUFV9mSEK6RxUiEVymVg
oRG6MgxPaSo,UCp6NUFV9mSEK6RxUiEVymVg
odmPm9gzrKY,
RxOKoqpDuIA,UCp6NUFV9mSEK6RxUiEVymVg
-gXCvhUKRQ8,UCp6NUFV9mSEK6RxUiEVymVg
ysqclCH9Vc0,UCp6NUFV9mSEK6RxUiEVymVg
Lzb7PW8IC2g,UCj1LxybwM853cCvndtZmOkQ
XDjHaGtUMaY,UCj1LxybwM853cCvndtZmOkQ
PM2Y4eSVziU,UCp6NUFV9mSEK6RxUiEVymVg
v-mvoluKt_I,UCj1LxybwM853cCvndtZmOkQ
FcndIjZvr2M,UCj1LxybwM853cCvndtZmOkQ
mW4GsR09X9k,UCp6NUFV9mSEK6RxUiEVymVg
lArJ7gNaXG4,UCOghGALkYmQpJxj65TyWpAw
11Y0MTNMzJw,UCOghGALkYmQpJxj65TyWpAw
4Lu_NnLyymI,UCOghGALkYmQpJxj65TyWpAw
YiCE1QgpRA4,UCj1LxybwM853cCvndtZmOkQ
UopGqYs0PKA,UCp6NUFV9mSEK6RxUiEVymVg
eBJCpOrmPPs,UCp6NUFV9mSEK6RxUiEVymVg
5-0WBf4rOrc,UCp6NUFV9mSEK6RxUiEVymVg
Z5JWsDIdDR8,UCp6NUFV9mSEK6RxUiEVymVg
guM_jkA6Xfg,UCp6NUFV9mSEK6RxUiEVymVg
CJu3kmY-f5o,UCp6NUFV9mSEK6RxUiEVymVg
4BfxZDIjeTo,UCY_o1j8mhNqb3hXTadehu3A
P1RcYH6CuQI,UCY_o1j8mhNqb3hXTadehu3A
YGX1d9WEJYI,UCp6NUFV9mSEK6RxUiEVymVg
is49aXjNupo,UCp6NUFV9mSEK6RxUiEVymVg
K35mvYdqkJg,UCp6NUFV9mSEK6RxUiEVymVg
-vCkhgix7ug,UCp6NUFV9mSEK6RxUiEVymVg
cTVT3kncVj4,UCoyG8VyvB-XUxQl1mD3T3Gw
Wz2rIl2I20w,UCoyG8VyvB-XUxQl1mD3T3Gw
QB84u4ULK5U,UCMdzdYJY7y12A367ycm-c4A
s2Vi54CafuI,UCp6NUFV9mSEK6RxUiEVymVg
pCjO-LAp1QQ,UCE_2iqCm2eowadFiy2V8mUw
kBBBhpKIv9I,UCj1LxybwM853cCvndtZmOkQ
QCCNdlMDY_o,UCoyG8VyvB-XUxQl1mD3T3Gw
nsO0-hpPpa0,UCp6NUFV9mSEK6RxUiEVymVg
IDZX9hzxeiY,UCp6NUFV9mSEK6RxUiEVymVg
1t1Xd5_-pfQ,UCp6NUFV9mSEK6RxUiEVymVg
eBJs4mJjEDA,UCp6NUFV9mSEK6RxUiEVymVg
uq9cew2zUuw,UCOghGALkYmQpJxj65TyWpAw
Cadsx2sRzbU,UCOghGALkYmQpJxj65TyWpAw
qFHy5svt-5w,UCOghGALkYmQpJxj65TyWpAw
XDgCqvP95-E,UCp6NUFV9mSEK6RxUiEVymVg
Ir05ZGX4IT4,UCp6NUFV9mSEK6RxUiEVymVg
cOE05-81bFo,UCp6NUFV9mSEK6RxUiEVymVg
f6yCwsksuSA,UCp6NUFV9mSEK6RxUiEVymVg
DopSzXIN4tw,UCOghGALkYmQpJxj65TyWpAw
t82y1Od02Kg,UCOghGALkYmQpJxj65TyWpAw
BgHZQlm7rrI,UCOghGALkYmQpJxj65TyWpAw
siECUwjw8GE,UCOghGALkYmQpJxj65TyWpAw
GmVbsM7Scpc,UCOghGALkYmQpJxj65TyWpAw
Z6yNV7T5Bhw,UCOghGALkYmQpJxj65TyWpAw
1dSUX33hidQ,UCOghGALkYmQpJxj65TyWpAw
ioSiWvNwzX8,UCOghGALkYmQpJxj65TyWpAw
xpjkGNuQko8,UCOghGALkYmQpJxj65TyWpAw
D3mfaNo_myw,UCOghGALkYmQpJxj65TyWpAw
saiv7bvbrWs,UCOghGALkYmQpJxj65TyWpAw
hIrq5cJHQ8E,UCOghGALkYmQpJxj65TyWpAw
4ss-u6SkwnE,UCOghGALkYmQpJxj65TyWpAw
IYLYZEtMJYU,UCOghGALkYmQpJxj65TyWpAw
zJHJ8PV-acI,UCOghGALkYmQpJxj65TyWpAw
6BqWAKWMkL4,UCOghGALkYmQpJxj65TyWpAw
EDymSgjaofw,UCOghGALkYmQpJxj65TyWpAw
kHnvCoRNVkk,UCOghGALkYmQpJxj65TyWpAw
QdFNAnund-Q,UCOghGALkYmQpJxj65TyWpAw
6z0XdufTAsI,UCOghGALkYmQpJxj65TyWpAw
oqvj0hChTLY,UCp6NUFV9mSEK6RxUiEVymVg
qGCt-fc8GNE,UCp6NUFV9mSEK6RxUiEVymVg
xfcEuIjqSuM,UCp6NUFV9mSEK6RxUiEVymVg
8jFcmu4WHRQ,UCp6NUFV9mSEK6RxUiEVymVg
E2KOF3AdNy0,UCp6NUFV9mSEK6RxUiEVymVg
N4mBIZg8MnQ,UCp6NUFV9mSEK6RxUiEVymVg
8ljr0vY_m-8,UCp6NUFV9mSEK6RxUiEVymVg
UYeLbF7pn6Q,UCp6NUFV9mSEK6RxUiEVymVg
y0uO10dY_7g,UCp6NUFV9mSEK6RxUiEVymVg
-mbFyUUrx-w,UCp6NUFV9mSEK6RxUiEVymVg
5Iu_SVoEVwY,UCp6NUFV9mSEK6RxUiEVymVg
h23OagE88rE,UCp6NUFV9mSEK6RxUiEVymVg
GlQ1Qsg4ULE,UCe9KurO7bRXqRGn0756FYfA
U5Xvcl95n7A,UCp6NUFV9mSEK6RxUiEVymVg
m7g-flVIHQs,UCp6NUFV9mSEK6RxUiEVymVg
-zNgp0a4VQ4,UCp6NUFV9mSEK6RxUiEVymVg
hkdPkjs25b0,UCp6NUFV9mSEK6RxUiEVymVg
yOtHPKRRpqI,UCp6NUFV9mSEK6RxUiEVymVg
uyQ7UwvF12U,UCp6NUFV9mSEK6RxUiEVymVg
qqvZRbNHtzg,UCp6NUFV9mSEK6RxUiEVymVg
iD7vAuR786o,UCp6NUFV9mSEK6RxUiEVymVg
AA19HJvhJz0,UCp6NUFV9mSEK6RxUiEVymVg
H5CDiWqkAto,UCp6NUFV9mSEK6RxUiEVymVg
26M67Mp_bAw,UCp6NUFV9mSEK6RxUiEVymVg
FLAWDU6hpGM,UCp6NUFV9mSEK6RxUiEVymVg
qZMj6DzUP0Q,UCBwSCyzT3GukpVdUdxMjKYw
dizKuANWzkw,UCOghGALkYmQpJxj65TyWpAw
Z5hzrlps5Fs,UCp6NUFV9mSEK6RxUiEVymVg
laIXU55T3sg,UCOghGALkYmQpJxj65TyWpAw
GV-zi2_KTZE,UCp6NUFV9mSEK6RxUiEVymVg
EWweP57as5U,UCBwSCyzT3GukpVdUdxMjKYw
9No8g90q9jA,UCj1LxybwM853cCvndtZmOkQ
2PFL4JaCz2I,UCj1LxybwM853cCvndtZmOkQ
owia3Nkq0hk,UCBwSCyzT3GukpVdUdxMjKYw
Xs82U7dehlU,UCBwSCyzT3GukpVdUdxMjKYw
xJI7_YrssOs,UCBwSCyzT3GukpVdUdxMjKYw
cN-Y91Ykn6w,UCj1LxybwM853cCvndtZmOkQ
iKHKESHrDzk,UC9CjkhQp1jX8Hbtbg6OZ9dw
P0zdFsSXwr4,UCp6NUFV9mSEK6RxUiEVymVg
2cgDddIf0LA,UCj1LxybwM853cCvndtZmOkQ
mWbJhzrhzAk,UCOghGALkYmQpJxj65TyWpAw
IePnBrqEuKA,UCp6NUFV9mSEK6RxUiEVymVg
2HSdarQ5uwE,UCp6NUFV9mSEK6RxUiEVymVg
ftST87nF3BI,UCg3Wa3OQiPzd2DJxQDPRSXA
LcSTppo89y4,UCp6NUFV9mSEK6RxUiEVymVg
mo-Q47La6Qk,UCBwSCyzT3GukpVdUdxMjKYw
hO_HmeeIb4w,UCBwSCyzT3GukpVdUdxMjKYw
ELmxpf-S5wk,UCBwSCyzT3GukpVdUdxMjKYw
r4Wfu_1Tc88,UCp6NUFV9mSEK6RxUiEVymVg
2vsmtF8teh4,UCp6NUFV9mSEK6RxUiEVymVg
_YVVwTt3c9s,UCp6NUFV9mSEK6RxUiEVymVg
Wb44wt7FsTQ,UCp6NUFV9mSEK6RxUiEVymVg
ujeoKZPxndY,UCp6NUFV9mSEK6RxUiEVymVg
FbdDC3x7suU,UC9CjkhQp1jX8Hbtbg6OZ9dw
MgLDyuNpHkg,UCOghGALkYmQpJxj65TyWpAw
E6BA76n6-98,UCp6NUFV9mSEK6RxUiEVymVg
YWGil64pr4w,UCp6NUFV9mSEK6RxUiEVymVg
O3P_F6hgiy4,UCoyG8VyvB-XUxQl1mD3T3Gw
U8Cms5hxUBY,UCp6NUFV9mSEK6RxUiEVymVg
bTqLHvo8M2Q,UCoyG8VyvB-XUxQl1mD3T3Gw
X3SLrxsMzKw,UCp6NUFV9mSEK6RxUiEVymVg
Nbr7p5_ELTE,UCp6NUFV9mSEK6RxUiEVymVg
lR6dqJHjJLI,UCOghGALkYmQpJxj65TyWpAw
91UiQgazt3g,UCj1LxybwM853cCvndtZmOkQ
eoswpXChrQE,UCQjjHeKDHK5zh_NyjWQCTKQ
o79d6HDdV3Y,UCQjjHeKDHK5zh_NyjWQCTKQ
UMeSLrIRSD0,UCQjjHeKDHK5zh_NyjWQCTKQ
Y5wMTtNvvkA,UCQjjHeKDHK5zh_NyjWQCTKQ
EZdlCofyi2I,UCQjjHeKDHK5zh_NyjWQCTKQ
gEtmhfbFXK0,UCQjjHeKDHK5zh_NyjWQCTKQ
k4GIc_xmtA8,UCp6NUFV9mSEK6RxUiEVymVg
fMbd4p__oYE,UCoyG8VyvB-XUxQl1mD3T3Gw
Dm4CpMFInVw,UCp6NUFV9mSEK6RxUiEVymVg
MLo8lzpFUfk,UCoyG8VyvB-XUxQl1mD3T3Gw
WW_xCtpYS1w,UCp6NUFV9mSEK6RxUiEVymVg
n97Gt8F4YKg,UCp6NUFV9mSEK6RxUiEVymVg
UHS0TozNEPY,UCd6MoB9NC6uYN2grvUNT-Zg
AxwlOFLDOb0,UCp6NUFV9mSEK6RxUiEVymVg
-Vl9tyvd1bc,UCp6NUFV9mSEK6RxUiEVymVg
LcK45tDGD1Q,UCp6NUFV9mSEK6RxUiEVymVg
U5ZIWPVl2T0,UCp6NUFV9mSEK6RxUiEVymVg
S6McvCldras,UCp6NUFV9mSEK6RxUiEVymVg
2fLxC1hfhsE,UCp6NUFV9mSEK6RxUiEVymVg
wmAgUbL3Tqc,UCp6NUFV9mSEK6RxUiEVymVg
GX8ijpUSR8k,UCp6NUFV9mSEK6RxUiEVymVg
RGcEblT5Las,UCp6NUFV9mSEK6RxUiEVymVg
nD1k5mPJhqE,UCp6NUFV9mSEK6RxUiEVymVg
qIw2Emdalug,UCp6NUFV9mSEK6RxUiEVymVg
jcaks3Fa3L0,UCp6NUFV9mSEK6RxUiEVymVg
3OdM7QXfR-w,UCp6NUFV9mSEK6RxUiEVymVg
jIguDxiGf7Y,UCp6NUFV9mSEK6RxUiEVymVg
sMAG1OI6UkE,UCQjjHeKDHK5zh_NyjWQCTKQ
w20v1j1vuKE,UCQjjHeKDHK5zh_NyjWQCTKQ
FyMTvTDdIJ4,UCQjjHeKDHK5zh_NyjWQCTKQ
-ON7XxLRvAs,UCp6NUFV9mSEK6RxUiEVymVg
iksDQznbSdY,UCG5LuxhUtax6wVhH1qPNxvA
XWKvlk9Uzc0,UCp6NUFV9mSEK6RxUiEVymVg
o62DQuRGss0,UCp6NUFV9mSEK6RxUiEVymVg
RRAW1TY78GM,UCp6NUFV9mSEK6RxUiEVymVg
FWzDQj28pK4,UCp6NUFV9mSEK6RxUiEVymVg
nO-f3wshMHU,UCp6NUFV9mSEK6RxUiEVymVg
sfCd73eCbPE,UCE_2iqCm2eowadFiy2V8mUw
LLgzj5eZXiw,UCE_2iqCm2eowadFiy2V8mUw
5A_BucrI34A,UCp6NUFV9mSEK6RxUiEVymVg
tw_4LS4AJuI,UCp6NUFV9mSEK6RxUiEVymVg
VgxDtQvIaaM,UCp6NUFV9mSEK6RxUiEVymVg
usekj0ZbhFI,UCp6NUFV9mSEK6RxUiEVymVg
J9ZVIDcupE8,UCp6NUFV9mSEK6RxUiEVymVg
IbbbuaDcSSA,UCp6NUFV9mSEK6RxUiEVymVg
v4VEDOcbaM4,UCp6NUFV9mSEK6RxUiEVymVg
NyDaYJlt0uU,UCp6NUFV9mSEK6RxUiEVymVg
8wR6xtZRyds,UCk3aWNxcrx9ekrG2EaeQgVA
rq8HT18Zmmw,UCk3aWNxcrx9ekrG2EaeQgVA
4WFq0ZYpW0I,UCk3aWNxcrx9ekrG2EaeQgVA
u9P398gT7S4,UCk3aWNxcrx9ekrG2EaeQgVA
_8dVhiwG384,UCk3aWNxcrx9ekrG2EaeQgVA
Ghd3EexQfTo,UCBwSCyzT3GukpVdUdxMjKYw
ygTx5gaWsqk,UCp6NUFV9mSEK6RxUiEVymVg
4xZoPP9RaWw,UCp6NUFV9mSEK6RxUiEVymVg
7WIGC1VjLqY,UCp6NUFV9mSEK6RxUiEVymVg
7Be8bXxO634,UCp6NUFV9mSEK6RxUiEVymVg
Iy4wolinotQ,UCp6NUFV9mSEK6RxUiEVymVg
bWOUAl1XBY4,UCp6NUFV9mSEK6RxUiEVymVg
6SjN7kE14c0,UCp6NUFV9mSEK6RxUiEVymVg
0-NCjzp2VCM,UCp6NUFV9mSEK6RxUiEVymVg
jlUIxEW88Hk,UCp6NUFV9mSEK6RxUiEVymVg
tpoKDPl3cOU,UCp6NUFV9mSEK6RxUiEVymVg
Ra2K2aTGugs,UCp6NUFV9mSEK6RxUiEVymVg
p8ZVl4pzaE0,UCp6NUFV9mSEK6RxUiEVymVg
mn7bPPMhFt8,UCp6NUFV9mSEK6RxUiEVymVg
gJAeRSE2IjQ,UCp6NUFV9mSEK6RxUiEVymVg
9Jpycq-sp8I,UCp6NUFV9mSEK6RxUiEVymVg
PHljI5ba090,UCp6NUFV9mSEK6RxUiEVymVg
TtB_SPJAZ8A,UCp6NUFV9mSEK6RxUiEVymVg
qY-vsi41LLA,UCp6NUFV9mSEK6RxUiEVymVg
DLNgSQPZo4I,UCp6NUFV9mSEK6RxUiEVymVg
9MNvbrEc8B8,UCp6NUFV9mSEK6RxUiEVymVg
sHXH1uJigFQ,UCp6NUFV9mSEK6RxUiEVymVg
Ewllm3fjIWo,UCp6NUFV9mSEK6RxUiEVymVg
JAIjTpXwpuI,UCp6NUFV9mSEK6RxUiEVymVg
80iHUsoLCtc,UCp6NUFV9mSEK6RxUiEVymVg
mofpThhWODI,UCOghGALkYmQpJxj65TyWpAw
t91jFQ2eVmE,UCp6NUFV9mSEK6RxUiEVymVg
ml6xRrkum2M,UCoyG8VyvB-XUxQl1mD3T3Gw
9ByXbe-RaPs,UCoyG8VyvB-XUxQl1mD3T3Gw
WnWROWOeW_w,UCoyG8VyvB-XUxQl1mD3T3Gw
UiwyeqTV77Q,UCoyG8VyvB-XUxQl1mD3T3Gw
ZWiOzKpDobQ,UCoyG8VyvB-XUxQl1mD3T3Gw
7QFXo0ZKaew,UCoyG8VyvB-XUxQl1mD3T3Gw
YQ60mBTl5U4,UCoyG8VyvB-XUxQl1mD3T3Gw
1TmIlH85Y54,UCoyG8VyvB-XUxQl1mD3T3Gw
5U0StCn5fSo,UCj1LxybwM853cCvndtZmOkQ
T7iNVl6EUks,UCj1LxybwM853cCvndtZmOkQ
Dj1bUSKdLU8,UCj1LxybwM853cCvndtZmOkQ
dYgHvTbeRRc,UCj1LxybwM853cCvndtZmOkQ
HiEQvVb9whc,UCj1LxybwM853cCvndtZmOkQ
wxjHmDo-2sE,UCj1LxybwM853cCvndtZmOkQ
mslPvEpPP_8,UCj1LxybwM853cCvndtZmOkQ
tnUVI2eCT28,UCj1LxybwM853cCvndtZmOkQ
5gLG5N7tzmU,UCp6NUFV9mSEK6RxUiEVymVg
kBOsVt0iXE4,UCp6NUFV9mSEK6RxUiEVymVg
Itajx4abimo,UCE_2iqCm2eowadFiy2V8mUw
Y8Akv_-EDrM,UCp6NUFV9mSEK6RxUiEVymVg
hxmuy8TvLd0,UCp6NUFV9mSEK6RxUiEVymVg
cOnckGqljAc,UCp6NUFV9mSEK6RxUiEVymVg
b5qc9J3nBww,UCp6NUFV9mSEK6RxUiEVymVg
VMUHIqlnL5Q,UCp6NUFV9mSEK6RxUiEVymVg
XCkN9CuUMiA,UCp6NUFV9mSEK6RxUiEVymVg
fYwn_5WVCtg,UCp6NUFV9mSEK6RxUiEVymVg
-GiPGLxZHEA,UCp6NUFV9mSEK6RxUiEVymVg
zsv9Iy2J4Pc,UCp6NUFV9mSEK6RxUiEVymVg
zlL7AFWqzfw,UCp6NUFV9mSEK6RxUiEVymVg
h2LwqWIrmI8,UCp6NUFV9mSEK6RxUiEVymVg
kqg8_KH2OIQ,UCp6NUFV9mSEK6RxUiEVymVg
JLR4wsH6ck4,UCOghGALkYmQpJxj65TyWpAw
GETYHod9K9Q,UCOghGALkYmQpJxj65TyWpAw
Ni-3Xr1xKhE,UCOghGALkYmQpJxj65TyWpAw
AS0k0jnbAGc,UC9CjkhQp1jX8Hbtbg6OZ9dw
-xMY7fsWPEw,UC7BbdAvyJ5HEpjyPQHrkQGw
71z49jb0EhM,UC7BbdAvyJ5HEpjyPQHrkQGw
tdreYz79me4,UC7BbdAvyJ5HEpjyPQHrkQGw
DZAoXFaZLBY,UCp6NUFV9mSEK6RxUiEVymVg
PKIi8_QyNzY,UCp6NUFV9mSEK6RxUiEVymVg
fsERirG5vQQ,UCVg0Gu5nqSRMpvImx8YNUjA
kLFHfhYTiD4,UCj1LxybwM853cCvndtZmOkQ
Uue0HfYctRg,UCBwSCyzT3GukpVdUdxMjKYw
dL2xlKSFegg,UCBwSCyzT3GukpVdUdxMjKYw
muuLwVAnnMI,UCBwSCyzT3GukpVdUdxMjKYw
uvs0yf8fp5Y,UCOghGALkYmQpJxj65TyWpAw
lOFGMIeO30I,UCOghGALkYmQpJxj65TyWpAw
8pL6np_PdC8,UCOghGALkYmQpJxj65TyWpAw
NPxw4a-zRKU,UCOghGALkYmQpJxj65TyWpAw
tkKPCE1LSgc,UCOghGALkYmQpJxj65TyWpAw
HH7Sg62yWZ8,UCOghGALkYmQpJxj65TyWpAw
QOaJ6AU45Lc,UCOghGALkYmQpJxj65TyWpAw
Hp3erPM6jAM,UCOghGALkYmQpJxj65TyWpAw
DeQ3Uz0-bNI,UCOghGALkYmQpJxj65TyWpAw
4284r1LCwuc,UCOghGALkYmQpJxj65TyWpAw
I2SRTJbShlE,UCp6NUFV9mSEK6RxUiEVymVg
ZsptWf0bzSo,UCp6NUFV9mSEK6RxUiEVymVg
S2oyvxwuoTE,UCp6NUFV9mSEK6RxUiEVymVg
2Pu7gU1da4w,UCp6NUFV9mSEK6RxUiEVymVg
vJ-7JRxj8MU,UCOghGALkYmQpJxj65TyWpAw
NXdd4MqK0Es,UCp6NUFV9mSEK6RxUiEVymVg
V-Jd9NGNDZ8,UCE_2iqCm2eowadFiy2V8mUw
CrFKHha1YbY,UC9CjkhQp1jX8Hbtbg6OZ9dw
mCBhUuxRCgA,UCp6NUFV9mSEK6RxUiEVymVg
gEGHjvJmKBM,UCoyG8VyvB-XUxQl1mD3T3Gw
Y6Kv0p_KUck,UCp6NUFV9mSEK6RxUiEVymVg
LQDGMdJV9XY,UCp6NUFV9mSEK6RxUiEVymVg
LuftjR2hlu8,UCp6NUFV9mSEK6RxUiEVymVg
luFJMLysGcg,UC9CjkhQp1jX8Hbtbg6OZ9dw
NYaj-CDSqzI,UC9CjkhQp1jX8Hbtbg6OZ9dw
KHiiRnSniRg,UC9CjkhQp1jX8Hbtbg6OZ9dw
MCeBw1sxN-A,UCp6NUFV9mSEK6RxUiEVymVg
J0BaenAXhiA,UCp6NUFV9mSEK6RxUiEVymVg
2aNb-PRa8jw,UCp6NUFV9mSEK6RxUiEVymVg
t_dt92Kvdoc,UCp6NUFV9mSEK6RxUiEVymVg
Bwby4gyKA4g,
JEvDxTtBp_w,UCBwSCyzT3GukpVdUdxMjKYw
HXgm1lmW19Y,UCp6NUFV9mSEK6RxUiEVymVg
gjRGHarnCL0,UCp6NUFV9mSEK6RxUiEVymVg
hrDPirhjCSQ,UC9CjkhQp1jX8Hbtbg6OZ9dw
XRHjwkyHUCg,UCOghGALkYmQpJxj65TyWpAw
B_mJ_ejFDMs,UCj1LxybwM853cCvndtZmOkQ
1SOXmMh9EsY,UC9CjkhQp1jX8Hbtbg6OZ9dw
Yw9CnhPxP80,
tZaZCjd7piY,
2t5VYwW7lTI,
jBbKIG9I5c8,
1rKlIe0hYiI,
g1YlClifenQ,
Uv6lDgcUAC0,UCp6NUFV9mSEK6RxUiEVymVg
RfEwLQfrfFs,UCj1LxybwM853cCvndtZmOkQ
Hrz9PrueVMA,UCp6NUFV9mSEK6RxUiEVymVg
0-qx8VzJr3w,UCp6NUFV9mSEK6RxUiEVymVg
oHniB17wGDA,UCp6NUFV9mSEK6RxUiEVymVg
qlrHtLXjGZs,UCp6NUFV9mSEK6RxUiEVymVg
ulOszAbJXjU,UCp6NUFV9mSEK6RxUiEVymVg
6-13T13WzDQ,UC9CjkhQp1jX8Hbtbg6OZ9dw
0FP67b0xZz0,UC9CjkhQp1jX8Hbtbg6OZ9dw
Nod4Ibx-XP8,UC9CjkhQp1jX8Hbtbg6OZ9dw
kdUHCYVGWe0,UCZ_BdxbDHh-X4DrEDqV-Qng
qp90v9viYqA,UCp6NUFV9mSEK6RxUiEVymVg
g1MFtQ7dbwo,UCp6NUFV9mSEK6RxUiEVymVg
WRCG1yDYJec,UCp6NUFV9mSEK6RxUiEVymVg
Vx04liTc2kw,UCp6NUFV9mSEK6RxUiEVymVg
4RWW4bSJHxM,UC9CjkhQp1jX8Hbtbg6OZ9dw
n5k-Yx5aR44,UC9CjkhQp1jX8Hbtbg6OZ9dw
13vKmAwB2J8,UC9CjkhQp1jX8Hbtbg6OZ9dw
z34czL9gv9g,UC9CjkhQp1jX8Hbtbg6OZ9dw
_WOKRaM-HI4,UC9CjkhQp1jX8Hbtbg6OZ9dw
a99o70WcqyA,UC9CjkhQp1jX8Hbtbg6OZ9dw
oxZ3NughHmc,
OzX3OR_NWG4,
4qCabv819Iw,UCp6NUFV9mSEK6RxUiEVymVg
u2tlKS0QKFk,UC9CjkhQp1jX8Hbtbg6OZ9dw
9MbF3IM7S9Y,UC9CjkhQp1jX8Hbtbg6OZ9dw
wxDuBSipNMg,UC9CjkhQp1jX8Hbtbg6OZ9dw
MVS9i9WZ3Kc,UCp6NUFV9mSEK6RxUiEVymVg
j_PuDpPasJU,UCp6NUFV9mSEK6RxUiEVymVg
3Etglg2lrGo,UC9CjkhQp1jX8Hbtbg6OZ9dw
C2u6wVRI-N0,UC9CjkhQp1jX8Hbtbg6OZ9dw
4KEABaTmheQ,UC9CjkhQp1jX8Hbtbg6OZ9dw
14E4VMrqHeA,UC9CjkhQp1jX8Hbtbg6OZ9dw
TKHTRt25hAY,UC9CjkhQp1jX8Hbtbg6OZ9dw
-avXWgRghPM,UC9CjkhQp1jX8Hbtbg6OZ9dw
nBXALsqs1RA,UC9CjkhQp1jX8Hbtbg6OZ9dw
F1wu8PWpcY0,UC9CjkhQp1jX8Hbtbg6OZ9dw
2qSamFiMCJ0,UC9CjkhQp1jX8Hbtbg6OZ9dw
KB7hKWKlAxI,UC9CjkhQp1jX8Hbtbg6OZ9dw
Y64LVJGFWWI,UC9CjkhQp1jX8Hbtbg6OZ9dw
UZSKlG0wkGc,UC9CjkhQp1jX8Hbtbg6OZ9dw
q96JaogJOAY,UC9CjkhQp1jX8Hbtbg6OZ9dw
-izxHJQSQ7E,UC9CjkhQp1jX8Hbtbg6OZ9dw
m0DMZRTKGe4,UC9CjkhQp1jX8Hbtbg6OZ9dw
Dd-74Wko0r0,UC9CjkhQp1jX8Hbtbg6OZ9dw
7hfecVa1yvE,UC9CjkhQp1jX8Hbtbg6OZ9dw
sRdHRoMhV5s,UC9CjkhQp1jX8Hbtbg6OZ9dw
yhcXZ1bjsuk,UC9CjkhQp1jX8Hbtbg6OZ9dw
XTMPPZ73LFo,UC9CjkhQp1jX8Hbtbg6OZ9dw
nizud-1IK9c,UC9CjkhQp1jX8Hbtbg6OZ9dw
UdQz17sphZs,UC9CjkhQp1jX8Hbtbg6OZ9dw
UxlNcL5ElFE,UC9CjkhQp1jX8Hbtbg6OZ9dw
wOkpfjmpiv4,UC9CjkhQp1jX8Hbtbg6OZ9dw
v1czy6ES8R8,
kA4qPQNzHrs,UC9CjkhQp1jX8Hbtbg6OZ9dw
UrAE0hD1_pM,UC9CjkhQp1jX8Hbtbg6OZ9dw
jImAwSRehRs,UC9CjkhQp1jX8Hbtbg6OZ9dw
WjjtSNtlZHo,UC9CjkhQp1jX8Hbtbg6OZ9dw
1hUA31uzUzg,UC9CjkhQp1jX8Hbtbg6OZ9dw
RgaZJAOrU2U,UC9CjkhQp1jX8Hbtbg6OZ9dw
jQiunrnlna8,UC9CjkhQp1jX8Hbtbg6OZ9dw
iGLPk-Rm62E,UC9CjkhQp1jX8Hbtbg6OZ9dw
5wlcZONWsKY,UC9CjkhQp1jX8Hbtbg6OZ9dw
YP6wJXblyWM,UC9CjkhQp1jX8Hbtbg6OZ9dw
UxRDHpz5pg0,UC9CjkhQp1jX8Hbtbg6OZ9dw
N2vuiQszvsI,UC9CjkhQp1jX8Hbtbg6OZ9dw
_0vvflSo6HA,UC9CjkhQp1jX8Hbtbg6OZ9dw
hu2BmE1Wk_Q,UC9CjkhQp1jX8Hbtbg6OZ9dw
Gm2eunXW29A,UC9CjkhQp1jX8Hbtbg6OZ9dw
BcrBqfvePrE,UC9CjkhQp1jX8Hbtbg6OZ9dw
vyhx_qDg7gM,UC9CjkhQp1jX8Hbtbg6OZ9dw
2yG5ZP-UmQ0,UC9CjkhQp1jX8Hbtbg6OZ9dw
z12oR135s2Q,UC9CjkhQp1jX8Hbtbg6OZ9dw
HtMeDbGEylU,UC9CjkhQp1jX8Hbtbg6OZ9dw
rhPQHbKoyb8,UC9CjkhQp1jX8Hbtbg6OZ9dw
YJzp4iOqLEo,UC9CjkhQp1jX8Hbtbg6OZ9dw
OXM3pvxF8pc,UC9CjkhQp1jX8Hbtbg6OZ9dw
tY9GYsoxeLg,UC9CjkhQp1jX8Hbtbg6OZ9dw
ofm9cv18geo,UC9CjkhQp1jX8Hbtbg6OZ9dw
eACHhV_uxTE,UC9CjkhQp1jX8Hbtbg6OZ9dw
LJOm4JbF4eQ,UC9CjkhQp1jX8Hbtbg6OZ9dw
NpiV6uhFfig,UC9CjkhQp1jX8Hbtbg6OZ9dw
4Cp_N0O8Beo,UC9CjkhQp1jX8Hbtbg6OZ9dw
CQs-hxS-iiI,UC9CjkhQp1jX8Hbtbg6OZ9dw
ZNoH4p66m78,UC9CjkhQp1jX8Hbtbg6OZ9dw
m6aHEz_J7Qg,UC9CjkhQp1jX8Hbtbg6OZ9dw
EVanFpZIrYE,UC9CjkhQp1jX8Hbtbg6OZ9dw
YAFKlOB8vBw,UC9CjkhQp1jX8Hbtbg6OZ9dw
AE66x6Z59JY,UC9CjkhQp1jX8Hbtbg6OZ9dw
RLNMlsa173o,UC9CjkhQp1jX8Hbtbg6OZ9dw
VNxuKY_kDKM,UC9CjkhQp1jX8Hbtbg6OZ9dw
1AelNjx6BB4,UC9CjkhQp1jX8Hbtbg6OZ9dw
IhNyZbALlwM,UC9CjkhQp1jX8Hbtbg6OZ9dw
GUQBsiuqg5A,UC9CjkhQp1jX8Hbtbg6OZ9dw
dkPYdSs4EaA,UC9CjkhQp1jX8Hbtbg6OZ9dw
Ifan8HrEa6o,UC9CjkhQp1jX8Hbtbg6OZ9dw
FEdXUv02Dbg,UC9CjkhQp1jX8Hbtbg6OZ9dw
Uw9juxXVHFE,UC9CjkhQp1jX8Hbtbg6OZ9dw
CzGdqGF8ygU,UC9CjkhQp1jX8Hbtbg6OZ9dw
oQCkA_HzYoU,UC9CjkhQp1jX8Hbtbg6OZ9dw
51mSfSH9wcY,UC9CjkhQp1jX8Hbtbg6OZ9dw
UetrkyGf62I,UC9CjkhQp1jX8Hbtbg6OZ9dw
auUPZHvyUzE,UC9CjkhQp1jX8Hbtbg6OZ9dw
tUNo3nddISo,UC9CjkhQp1jX8Hbtbg6OZ9dw
msdaf3lBOn0,UC9CjkhQp1jX8Hbtbg6OZ9dw
N_LLAroJrJo,UC9CjkhQp1jX8Hbtbg6OZ9dw
lMSJ6cmHDmI,UC9CjkhQp1jX8Hbtbg6OZ9dw
pxne0enu-yk,UC9CjkhQp1jX8Hbtbg6OZ9dw
HSCTL7qQw-k,UC9CjkhQp1jX8Hbtbg6OZ9dw
nv3b6eZskeA,UC9CjkhQp1jX8Hbtbg6OZ9dw
sUnzIm3EQCo,UC9CjkhQp1jX8Hbtbg6OZ9dw
eUg9QEmilfA,UC9CjkhQp1jX8Hbtbg6OZ9dw
KCnrZ8WwEKE,UC9CjkhQp1jX8Hbtbg6OZ9dw
FRW7IUXCosY,UC9CjkhQp1jX8Hbtbg6OZ9dw
GExDKxyK3EU,UC9CjkhQp1jX8Hbtbg6OZ9dw
PlE5RFzhpfM,UC9CjkhQp1jX8Hbtbg6OZ9dw
7u60QzgaRWY,UC9CjkhQp1jX8Hbtbg6OZ9dw
DTg8W6sbpHs,UC9CjkhQp1jX8Hbtbg6OZ9dw
OeIlqvV2l0M,UC9CjkhQp1jX8Hbtbg6OZ9dw
nGI1LILDiwk,UC9CjkhQp1jX8Hbtbg6OZ9dw
ixAo9iHpP_0,UC9CjkhQp1jX8Hbtbg6OZ9dw
UvAXRLPKeWQ,UC9CjkhQp1jX8Hbtbg6OZ9dw
756fBTd3BBY,UC9CjkhQp1jX8Hbtbg6OZ9dw
XipQHFYl4OU,UC9CjkhQp1jX8Hbtbg6OZ9dw
Ui-n-n_w8Ok,UC9CjkhQp1jX8Hbtbg6OZ9dw
WDr9TSyK9DA,UC9CjkhQp1jX8Hbtbg6OZ9dw
r8e4bT0-zhU,UC9CjkhQp1jX8Hbtbg6OZ9dw
OZYq13heZAc,UCp6NUFV9mSEK6RxUiEVymVg
T0OOExzZ3J4,UCp6NUFV9mSEK6RxUiEVymVg
uXgIFEaHGi0,UCp6NUFV9mSEK6RxUiEVymVg
bYYfWaqA-uY,UCp6NUFV9mSEK6RxUiEVymVg
8gaGPILYlQU,UC9CjkhQp1jX8Hbtbg6OZ9dw
qKEysKQygAM,UCoyG8VyvB-XUxQl1mD3T3Gw
mPrquLvri08,UC9CjkhQp1jX8Hbtbg6OZ9dw
1R4PBpCxOHo,UC9CjkhQp1jX8Hbtbg6OZ9dw
5BhAJ4mEfZ8,UC9CjkhQp1jX8Hbtbg6OZ9dw
HHTsKdTMiaU,UCp6NUFV9mSEK6RxUiEVymVg
MCGvn23zE8A,UCp6NUFV9mSEK6RxUiEVymVg
YjAvJhufx0g,UCp6NUFV9mSEK6RxUiEVymVg
g-gI71-GXCk,UCp6NUFV9mSEK6RxUiEVymVg
WA_Yd9ysuCU,UCp6NUFV9mSEK6RxUiEVymVg
n_V8hBRoshY,UCp6NUFV9mSEK6RxUiEVymVg
WaD0SBb13AU,UCp6NUFV9mSEK6RxUiEVymVg
QHE6wMrd3yQ,UCp6NUFV9mSEK6RxUiEVymVg
dQPbXwrrAXY,
uDo6mVuSL64,UCp6NUFV9mSEK6RxUiEVymVg
vfAq3kBlZKI,UCOghGALkYmQpJxj65TyWpAw
hGnrF1PQdZs,UCOghGALkYmQpJxj65TyWpAw
EeEBHJyF7ek,UCOghGALkYmQpJxj65TyWpAw
RerYKGbjwao,UC9CjkhQp1jX8Hbtbg6OZ9dw
PHCBslTUYoU,UCOghGALkYmQpJxj65TyWpAw
Hfjb18NCSjc,UCoyG8VyvB-XUxQl1mD3T3Gw
0I111YhHbs8,UCp6NUFV9mSEK6RxUiEVymVg
syAdX44pokE,UCp6NUFV9mSEK6RxUiEVymVg
fBZplQKKbLs,UCp6NUFV9mSEK6RxUiEVymVg
If73Q_QlLtU,UCp6NUFV9mSEK6RxUiEVymVg
PtTnnw3DakY,UC9CjkhQp1jX8Hbtbg6OZ9dw
iJ7Ub87JkuE,UC9CjkhQp1jX8Hbtbg6OZ9dw
-V_xqPyWfTM,UCj1LxybwM853cCvndtZmOkQ
pXCqEJozwq8,UCj1LxybwM853cCvndtZmOkQ
aceFIOTtKNg,UCj1LxybwM853cCvndtZmOkQ
BbI6LYXmF2Y,UCOghGALkYmQpJxj65TyWpAw
T_TjGfLf9Wo,UCOghGALkYmQpJxj65TyWpAw
mymoNf3C-F8,UCOghGALkYmQpJxj65TyWpAw
ejWy7u4dyOo,UCOghGALkYmQpJxj65TyWpAw
IyPWSqvc75g,UCOghGALkYmQpJxj65TyWpAw
XbO7cLF2_cQ,UCG5LuxhUtax6wVhH1qPNxvA
TJx9kA4GK4Q,UCp6NUFV9mSEK6RxUiEVymVg
_iYo-c6Kl9Q,UCp6NUFV9mSEK6RxUiEVymVg
R7__XLk1Krs,UCp6NUFV9mSEK6RxUiEVymVg
simvWWYPDwA,UCOghGALkYmQpJxj65TyWpAw
fMyYOyauYZ4,UCp6NUFV9mSEK6RxUiEVymVg
5IE8PuPh45E,UCp6NUFV9mSEK6RxUiEVymVg
3qonr2g7zYo,UCp6NUFV9mSEK6RxUiEVymVg
QczPiAHpzYQ,UCj1LxybwM853cCvndtZmOkQ
yuezab7J2SY,UCj1LxybwM853cCvndtZmOkQ
_YzzxrSIQGw,UCp6NUFV9mSEK6RxUiEVymVg
WK3tbQCzVxg,UCp6NUFV9mSEK6RxUiEVymVg
ZTmW9qH75sY,UCj1LxybwM853cCvndtZmOkQ
bafPgx6WTrA,UCOghGALkYmQpJxj65TyWpAw
1FDeZ9HaoeY,UC9CjkhQp1jX8Hbtbg6OZ9dw
g39oSdKrHKI,UCVg0Gu5nqSRMpvImx8YNUjA
P15sJN7J2to,UCp6NUFV9mSEK6RxUiEVymVg
pwf_CmS6QqM,UCp6NUFV9mSEK6RxUiEVymVg
wwvmLB2rpq8,UCp6NUFV9mSEK6RxUiEVymVg
rn7RkYzTSxg,UCp6NUFV9mSEK6RxUiEVymVg
vK7GxG2kYd4,UCp6NUFV9mSEK6RxUiEVymVg
BjuROmjhZP0,UCp6NUFV9mSEK6RxUiEVymVg
ixF7RRgp4aQ,UCp6NUFV9mSEK6RxUiEVymVg
yO-eioHGToM,UCp6NUFV9mSEK6RxUiEVymVg
ZmQWJXt6Q9U,UCp6NUFV9mSEK6RxUiEVymVg
FlQm6ejp044,UCE_2iqCm2eowadFiy2V8mUw
xXSbUq8lwLc,UC9CjkhQp1jX8Hbtbg6OZ9dw
GkVZAn3bZqE,UC9CjkhQp1jX8Hbtbg6OZ9dw
OUczD3o3AgY,UC9CjkhQp1jX8Hbtbg6OZ9dw
gxqlTtUveYw,UCp6NUFV9mSEK6RxUiEVymVg
1VhEPmo5jiU,UC9CjkhQp1jX8Hbtbg6OZ9dw
dkL_ltHeJ5s,UCp6NUFV9mSEK6RxUiEVymVg
iEZi9M7UH6o,UCj1LxybwM853cCvndtZmOkQ
hHc3wzG81yg,UCp6NUFV9mSEK6RxUiEVymVg
DqzM1c0ez6s,UCOghGALkYmQpJxj65TyWpAw
p5nQlX1mRJs,UCBwSCyzT3GukpVdUdxMjKYw
_MlLKcKWUgQ,UCE_2iqCm2eowadFiy2V8mUw
BlNl7BJTUBs,UCE_2iqCm2eowadFiy2V8mUw
_S7wfjHN9O0,UCp6NUFV9mSEK6RxUiEVymVg
edI2shVZXT4,UCp6NUFV9mSEK6RxUiEVymVg
TOjA05uLBkw,UCp6NUFV9mSEK6RxUiEVymVg
wcSGd2i1BFg,UCp6NUFV9mSEK6RxUiEVymVg
N62mqXyl16U,UCOghGALkYmQpJxj65TyWpAw
pLvzmYtnrLk,UCe9KurO7bRXqRGn0756FYfA
0511OHNFb4g,UCe9KurO7bRXqRGn0756FYfA
AHeHtimm5DA,UCp6NUFV9mSEK6RxUiEVymVg
cX9NqbALjsM,UCp6NUFV9mSEK6RxUiEVymVg
2O9D8gTN81Q,UCp6NUFV9mSEK6RxUiEVymVg
BEzVsYLye3o,UCe9KurO7bRXqRGn0756FYfA
GMIoTFqIZd0,UCe9KurO7bRXqRGn0756FYfA
uJQ2BgFRcg0,UCOghGALkYmQpJxj65TyWpAw
sxpHZo3DBt0,UCOghGALkYmQpJxj65TyWpAw
5MMDanjubIo,UCOghGALkYmQpJxj65TyWpAw
WN0pPHJGUyc,UCOghGALkYmQpJxj65TyWpAw
1TwoYS7yQn8,UCOghGALkYmQpJxj65TyWpAw
M3WpuWfUpxY,UCOghGALkYmQpJxj65TyWpAw
vOpJQVamNDA,UCOghGALkYmQpJxj65TyWpAw
ftd_7zHWeA8,UCOghGALkYmQpJxj65TyWpAw
itr56BsCZmo,UCOghGALkYmQpJxj65TyWpAw
gnJwwltDf7Y,UCOghGALkYmQpJxj65TyWpAw
1sWPP5G7UFE,UCOghGALkYmQpJxj65TyWpAw
sYVGMoRrLe4,UCOghGALkYmQpJxj65TyWpAw
kbJQxxUyeJs,UCOghGALkYmQpJxj65TyWpAw
2awAW1w3Y9Y,UCOghGALkYmQpJxj65TyWpAw
JmaeobQwbfI,UCOghGALkYmQpJxj65TyWpAw
1ItV0PlmHuo,UCp6NUFV9mSEK6RxUiEVymVg
oBfINDY3w0Q,UCp6NUFV9mSEK6RxUiEVymVg
5EkkMfjetEY,UCp6NUFV9mSEK6RxUiEVymVg
IoxCyyDqsF4,UCp6NUFV9mSEK6RxUiEVymVg
kJRgDOc1JNc,UCp6NUFV9mSEK6RxUiEVymVg
4ZIV84wveGY,UCp6NUFV9mSEK6RxUiEVymVg
9oTAMLZgUWE,UCp6NUFV9mSEK6RxUiEVymVg
oxvy1QM6hgk,UCp6NUFV9mSEK6RxUiEVymVg
uUmibtft2l4,UCj1LxybwM853cCvndtZmOkQ
kKeTA08M8ko,UCj1LxybwM853cCvndtZmOkQ
fXYD_HE7ufc,UCj1LxybwM853cCvndtZmOkQ
AxNOrs-Qe6w,UCE_2iqCm2eowadFiy2V8mUw
7z_cfKOK-rc,UCj1LxybwM853cCvndtZmOkQ
6vB0ThqKadI,UCj1LxybwM853cCvndtZmOkQ
v4DibGQCD54,UCj1LxybwM853cCvndtZmOkQ
pJUtrPE9LFU,UCj1LxybwM853cCvndtZmOkQ
pYhgHUKB_Vg,UCj1LxybwM853cCvndtZmOkQ
gGPIlu-7r30,UC9CjkhQp1jX8Hbtbg6OZ9dw
bggj03TVtlw,UC9CjkhQp1jX8Hbtbg6OZ9dw
7qKqALxLojU,UC9CjkhQp1jX8Hbtbg6OZ9dw
vWkJNK9qSUE,UCBwSCyzT3GukpVdUdxMjKYw
5cHr6Z4aAgs,UCp6NUFV9mSEK6RxUiEVymVg
BaPMFZZ5lsc,UC9CjkhQp1jX8Hbtbg6OZ9dw
06kstE5qHis,
0DVnXTwu7Cg,UCp6NUFV9mSEK6RxUiEVymVg
nAOz6IGPi48,UCp6NUFV9mSEK6RxUiEVymVg
R57ZFkBnaGs,UCj1LxybwM853cCvndtZmOkQ
WhZi53OQFp4,UCp6NUFV9mSEK6RxUiEVymVg
_tTSbtjjzDg,UCj1LxybwM853cCvndtZmOkQ
iYZs_iI8B2E,UCj1LxybwM853cCvndtZmOkQ
OF9HAhG1ZSc,UCe9KurO7bRXqRGn0756FYfA
8yi4ixw_l3I,UCp6NUFV9mSEK6RxUiEVymVg
Pb6SIXlpjnQ,UCp6NUFV9mSEK6RxUiEVymVg
aa2oyp2_EJk,UCp6NUFV9mSEK6RxUiEVymVg
nVf5e97rvgQ,UCp6NUFV9mSEK6RxUiEVymVg
8KT4fPnpfpc,UCp6NUFV9mSEK6RxUiEVymVg
z37hXdZOJ3w,
SxhLEX9zMzc,UCj1LxybwM853cCvndtZmOkQ
wgbr4zp7SAU,UCp6NUFV9mSEK6RxUiEVymVg
6kDu0QpWnzU,UCp6NUFV9mSEK6RxUiEVymVg
lV3DL1ULlv4,UCp6NUFV9mSEK6RxUiEVymVg
0w8eylMqgoU,UCp6NUFV9mSEK6RxUiEVymVg
VDSF8WrjKi0,UCp6NUFV9mSEK6RxUiEVymVg
lVxO16MCHFs,UC9CjkhQp1jX8Hbtbg6OZ9dw
6b3RbhOiGDs,
Xi2SaL1ZDzQ,UCp6NUFV9mSEK6RxUiEVymVg
9oi_3BShcTo,UC9CjkhQp1jX8Hbtbg6OZ9dw
N76fvyHTpDo,UCOghGALkYmQpJxj65TyWpAw
j_Y2Gwaj7Gs,UCp6NUFV9mSEK6RxUiEVymVg
Fdy8nvff1yY,UCj1LxybwM853cCvndtZmOkQ
bL0tphQMpog,UCj1LxybwM853cCvndtZmOkQ
MEhX-J0bLRc,UCp6NUFV9mSEK6RxUiEVymVg
aerBrbYHN1k,UCp6NUFV9mSEK6RxUiEVymVg
4urrNTGNL6Q,UCp6NUFV9mSEK6RxUiEVymVg
rcBsi0ljJxY,UCp6NUFV9mSEK6RxUiEVymVg
Aux0n73gFoU,UCp6NUFV9mSEK6RxUiEVymVg
u2o7lY08rNo,UCp6NUFV9mSEK6RxUiEVymVg
Hvqci3VfVcM,UCoyG8VyvB-XUxQl1mD3T3Gw
dl6lRXWgGvc,UCj1LxybwM853cCvndtZmOkQ
sDVl0ptpykg,UCoyG8VyvB-XUxQl1mD3T3Gw
JGP5mSu3D2U,UCVg0Gu5nqSRMpvImx8YNUjA
HjYNNiW-f7A,UCVg0Gu5nqSRMpvImx8YNUjA
65-N_FaMlEc,UCp6NUFV9mSEK6RxUiEVymVg
CxgafjitUS0,UCp6NUFV9mSEK6RxUiEVymVg
YZYibmgHIMY,UCp6NUFV9mSEK6RxUiEVymVg
M0f_i-mTH2I,UCE_2iqCm2eowadFiy2V8mUw
JNKT7KKNgno,UCE_2iqCm2eowadFiy2V8mUw
IfkaQ6NHdn4,UCE_2iqCm2eowadFiy2V8mUw
IZMQyg8NlP4,UCG5LuxhUtax6wVhH1qPNxvA
zUBDZfLrQpw,UCp6NUFV9mSEK6RxUiEVymVg
Nj3dGK3c4nY,UCp6NUFV9mSEK6RxUiEVymVg
iGjj3BtRSmY,UC9CjkhQp1jX8Hbtbg6OZ9dw
QjI7FASyQ4w,UCG5LuxhUtax6wVhH1qPNxvA
v4XmkrhQOsg,UCj1LxybwM853cCvndtZmOkQ
udZJlP-bTLQ,UCj1LxybwM853cCvndtZmOkQ
-M8jmPrOryo,UCj1LxybwM853cCvndtZmOkQ
zf224t8vtJk,UCoyG8VyvB-XUxQl1mD3T3Gw
6cO1PPJr5wo,UCp6NUFV9mSEK6RxUiEVymVg
Lt8nKgsD52o,UCG5LuxhUtax6wVhH1qPNxvA
ie8j2kBitOg,UCG5LuxhUtax6wVhH1qPNxvA
1EU56puxgT4,UCG5LuxhUtax6wVhH1qPNxvA
RBTFN5nHFO4,UCj1LxybwM853cCvndtZmOkQ
60EkC4Vbpn0,UCG5LuxhUtax6wVhH1qPNxvA
rOg6RnhSD-g,UCG5LuxhUtax6wVhH1qPNxvA
2D6kWln3kic,UCG5LuxhUtax6wVhH1qPNxvA
wNcEyMFDnV4,UCp6NUFV9mSEK6RxUiEVymVg
2cWT-yDwCk4,UCj1LxybwM853cCvndtZmOkQ
gkVRzo3P0go,UCG5LuxhUtax6wVhH1qPNxvA
-IpkzpLuuPM,UCp6NUFV9mSEK6RxUiEVymVg
WLm1hu8nTT0,UCG5LuxhUtax6wVhH1qPNxvA
_4_l-XrIPaE,UCp6NUFV9mSEK6RxUiEVymVg
9-br7qDuuK4,UCE_2iqCm2eowadFiy2V8mUw
IWJ3UoWv4pE,UCE_2iqCm2eowadFiy2V8mUw
yXmkSEpgSf4,UCp6NUFV9mSEK6RxUiEVymVg
quxAlLeAE40,UCE_2iqCm2eowadFiy2V8mUw
Vg9S2PbPJAs,UCE_2iqCm2eowadFiy2V8mUw
6UpD1V1jasw,UCp6NUFV9mSEK6RxUiEVymVg
PIZTdhJ8qbA,UCG5LuxhUtax6wVhH1qPNxvA
d9k5vIBtqss,UC9CjkhQp1jX8Hbtbg6OZ9dw
P0IQ1gjsaB8,UCE_2iqCm2eowadFiy2V8mUw
n8DvxMcOMXk,UCG5LuxhUtax6wVhH1qPNxvA
kqcLwqtMp7A,UCp6NUFV9mSEK6RxUiEVymVg
TKQ8l1yl3X4,UCE_2iqCm2eowadFiy2V8mUw
hWNW6XookiQ,UCE_2iqCm2eowadFiy2V8mUw
eXnbUszl8D0,
qpV0rvvhQwE,UCp6NUFV9mSEK6RxUiEVymVg
ONZOx-gTM7s,UC9CjkhQp1jX8Hbtbg6OZ9dw
5_qsqPOi6kE,UCj1LxybwM853cCvndtZmOkQ
FJLPjLNyANI,
xBZjuBevY8I,UC9CjkhQp1jX8Hbtbg6OZ9dw
R4sqCNE-EBQ,UCp6NUFV9mSEK6RxUiEVymVg
8UI5hiw9cfE,UC9CjkhQp1jX8Hbtbg6OZ9dw
hNnyTFFs0QM,UC9CjkhQp1jX8Hbtbg6OZ9dw
k9UibZAA77w,UC9CjkhQp1jX8Hbtbg6OZ9dw
SET1GQ6a4Iw,UC9CjkhQp1jX8Hbtbg6OZ9dw
lkNVTY3vzvs,UC9CjkhQp1jX8Hbtbg6OZ9dw
JNN62hueafA,UC9CjkhQp1jX8Hbtbg6OZ9dw
FyFtD3jJONk,UC9CjkhQp1jX8Hbtbg6OZ9dw
xQV6Oo-wvEA,UCp6NUFV9mSEK6RxUiEVymVg
0HjPvbGSdoo,UCp6NUFV9mSEK6RxUiEVymVg
LtjBMxlykRs,UC9CjkhQp1jX8Hbtbg6OZ9dw
RK2aBt7x42c,UC9CjkhQp1jX8Hbtbg6OZ9dw
SPRUJ5Z-Aew,UC9CjkhQp1jX8Hbtbg6OZ9dw
WBavpeSScxU,UCp6NUFV9mSEK6RxUiEVymVg
unGeoby2s50,UCp6NUFV9mSEK6RxUiEVymVg
SKwJebhlIPI,UC9CjkhQp1jX8Hbtbg6OZ9dw
ZqvTtFnBV-c,UC9CjkhQp1jX8Hbtbg6OZ9dw
ziMhNLNj29w,UC9CjkhQp1jX8Hbtbg6OZ9dw
m6h_ppEDPrU,UC9CjkhQp1jX8Hbtbg6OZ9dw
PpDcNwB0jXk,UC9CjkhQp1jX8Hbtbg6OZ9dw
p39uz3X-mLA,UC9CjkhQp1jX8Hbtbg6OZ9dw
dd8ugTQ4C4s,UC9CjkhQp1jX8Hbtbg6OZ9dw
6Vuwg9XROQs,UC9CjkhQp1jX8Hbtbg6OZ9dw
Sn_GHeRGybE,UC9CjkhQp1jX8Hbtbg6OZ9dw
3PLv_LJzBUg,UC9CjkhQp1jX8Hbtbg6OZ9dw
YGC2b8k2nfg,UC9CjkhQp1jX8Hbtbg6OZ9dw
dRe0A1smpyM,UC9CjkhQp1jX8Hbtbg6OZ9dw
mcbdnMDERX0,UC9CjkhQp1jX8Hbtbg6OZ9dw
MrV0DqTqpFU,UC9CjkhQp1jX8Hbtbg6OZ9dw
KhyvZFenbDc,UC9CjkhQp1jX8Hbtbg6OZ9dw
xrC7IqOfpWQ,UC9CjkhQp1jX8Hbtbg6OZ9dw
OQC_Ko7oVKs,UC9CjkhQp1jX8Hbtbg6OZ9dw
tU01aPrb5K0,UC9CjkhQp1jX8Hbtbg6OZ9dw
4IceKyARxfY,UC9CjkhQp1jX8Hbtbg6OZ9dw
lHxGACwIkBc,UC9CjkhQp1jX8Hbtbg6OZ9dw
gc3GEDnsP2U,UC9CjkhQp1jX8Hbtbg6OZ9dw
KPr7VzQiqmg,UC9CjkhQp1jX8Hbtbg6OZ9dw
-rQLyfGDGEk,UC9CjkhQp1jX8Hbtbg6OZ9dw
ZQgtCRa4gAU,UC9CjkhQp1jX8Hbtbg6OZ9dw
G2_rw69ICWk,UC9CjkhQp1jX8Hbtbg6OZ9dw
tLauSqHw9dE,UC9CjkhQp1jX8Hbtbg6OZ9dw
EmYNZNJsag0,UC9CjkhQp1jX8Hbtbg6OZ9dw
UQ0gcqKEAGs,UC9CjkhQp1jX8Hbtbg6OZ9dw
XAijUQ2x95M,UC9CjkhQp1jX8Hbtbg6OZ9dw
ZcNehJz6WdY,UC9CjkhQp1jX8Hbtbg6OZ9dw
F2lYSF25-Ek,UC9CjkhQp1jX8Hbtbg6OZ9dw
Nh-5XuwhExQ,UC9CjkhQp1jX8Hbtbg6OZ9dw
YeD7upQJoFc,UC9CjkhQp1jX8Hbtbg6OZ9dw
rUCs2OgUgtY,UC9CjkhQp1jX8Hbtbg6OZ9dw
1ZsQ6q7Pik4,UC9CjkhQp1jX8Hbtbg6OZ9dw
10mQjaZ7Dpk,UC9CjkhQp1jX8Hbtbg6OZ9dw
pmYztzbPlIQ,UC9CjkhQp1jX8Hbtbg6OZ9dw
5ocsRfF5hhY,UC9CjkhQp1jX8Hbtbg6OZ9dw
c9I-rgyyAU0,UC9CjkhQp1jX8Hbtbg6OZ9dw
fxox6DD96HQ,UC9CjkhQp1jX8Hbtbg6OZ9dw
QX6RDFDGDfU,UCoyG8VyvB-XUxQl1mD3T3Gw
H-cgrXLV0VQ,UC9CjkhQp1jX8Hbtbg6OZ9dw
adAy2Pby5_g,UC9CjkhQp1jX8Hbtbg6OZ9dw
VzHa9__mHt8,UC9CjkhQp1jX8Hbtbg6OZ9dw
jTWRuGFhYjI,UC9CjkhQp1jX8Hbtbg6OZ9dw
crXXHBIt34k,UC9CjkhQp1jX8Hbtbg6OZ9dw
QfLkIDNuWQs,UC9CjkhQp1jX8Hbtbg6OZ9dw
GiIez0r7IwE,UC9CjkhQp1jX8Hbtbg6OZ9dw
kUo4TYqeOVk,UC9CjkhQp1jX8Hbtbg6OZ9dw
TmvKCDHUZvs,UC9CjkhQp1jX8Hbtbg6OZ9dw
9x0fnGTBhW4,UC9CjkhQp1jX8Hbtbg6OZ9dw
HgGtO2xuEh0,UC9CjkhQp1jX8Hbtbg6OZ9dw
QnY9TozANr0,UC9CjkhQp1jX8Hbtbg6OZ9dw
2P_dvGBTJtI,UC9CjkhQp1jX8Hbtbg6OZ9dw
amiPFnFS7NQ,UC9CjkhQp1jX8Hbtbg6OZ9dw
XI3zKLNMKqQ,UC9CjkhQp1jX8Hbtbg6OZ9dw
3HZqAcAr_1k,UC9CjkhQp1jX8Hbtbg6OZ9dw
EjmJm4veFr8,UC9CjkhQp1jX8Hbtbg6OZ9dw
uKJtAaXhOvs,UC9CjkhQp1jX8Hbtbg6OZ9dw
IccqC60Cj7Q,UC9CjkhQp1jX8Hbtbg6OZ9dw
atKbJ1WJcvE,UC9CjkhQp1jX8Hbtbg6OZ9dw
dWqwn6HOhFw,UC9CjkhQp1jX8Hbtbg6OZ9dw
8MCbJmZQM9c,UC9CjkhQp1jX8Hbtbg6OZ9dw
suGouSOCVQQ,UC9CjkhQp1jX8Hbtbg6OZ9dw
thNA_w_Gx3Y,UC9CjkhQp1jX8Hbtbg6OZ9dw
aqanxa-1sk0,UC9CjkhQp1jX8Hbtbg6OZ9dw
qjm_-RRTVFE,UC9CjkhQp1jX8Hbtbg6OZ9dw
1fqSMpRK28I,UC9CjkhQp1jX8Hbtbg6OZ9dw
a0DXIspd1Zs,UC9CjkhQp1jX8Hbtbg6OZ9dw
8iJGy5zd9_Y,UC9CjkhQp1jX8Hbtbg6OZ9dw
QpQGc7eVLoI,UC9CjkhQp1jX8Hbtbg6OZ9dw
61HDVwttNYI,UC9CjkhQp1jX8Hbtbg6OZ9dw
Q6i0LK4vHsU,UC9CjkhQp1jX8Hbtbg6OZ9dw
4CXiZCH4YNI,UC9CjkhQp1jX8Hbtbg6OZ9dw
yBFFXUpg2Sc,UC9CjkhQp1jX8Hbtbg6OZ9dw
yW9_FDLGfhk,UC9CjkhQp1jX8Hbtbg6OZ9dw
O-Dro-0ZzqE,UC9CjkhQp1jX8Hbtbg6OZ9dw
5XdENRBgI7A,UC9CjkhQp1jX8Hbtbg6OZ9dw
Q2XyUi-9m3A,UC9CjkhQp1jX8Hbtbg6OZ9dw
kx40i0w7wtk,UC9CjkhQp1jX8Hbtbg6OZ9dw
Cs9WHkXYp2I,UCp6NUFV9mSEK6RxUiEVymVg
H3hp_2hzLLg,UCp6NUFV9mSEK6RxUiEVymVg
ytXuN1utPck,UCp6NUFV9mSEK6RxUiEVymVg
ji3uVzzeyr0,UCp6NUFV9mSEK6RxUiEVymVg
n-JwAM6XF88,UCp6NUFV9mSEK6RxUiEVymVg
GYW-LRT7tIc,UCp6NUFV9mSEK6RxUiEVymVg
LFMyPDAhvq4,UCp6NUFV9mSEK6RxUiEVymVg
Yu3tzcjhKw0,UCp6NUFV9mSEK6RxUiEVymVg
xNohpgAkLiM,UCp6NUFV9mSEK6RxUiEVymVg
q7kVJRP6nOA,UCoyG8VyvB-XUxQl1mD3T3Gw
Iquk68o1Q-k,UCj1LxybwM853cCvndtZmOkQ
osX0FFlH3Ys,UCp6NUFV9mSEK6RxUiEVymVg
F9th92pUQ4c,UCp6NUFV9mSEK6RxUiEVymVg
Vw3aU2wa1UM,UCp6NUFV9mSEK6RxUiEVymVg
aXQIOpKi0xA,UCp6NUFV9mSEK6RxUiEVymVg
xPDJ49_jK5w,UCE_2iqCm2eowadFiy2V8mUw
S-aHD9atnfY,UCE_2iqCm2eowadFiy2V8mUw
1YmRm9PmFmk,UCE_2iqCm2eowadFiy2V8mUw
gg3zsP_89a8,UCj1LxybwM853cCvndtZmOkQ
Yx9PBuoQjlk,UCp6NUFV9mSEK6RxUiEVymVg
wcs6NddTJm0,UCp6NUFV9mSEK6RxUiEVymVg
x96Y1F7A7o0,UCj1LxybwM853cCvndtZmOkQ
C7RfLvFVG6I,UCE_2iqCm2eowadFiy2V8mUw
i1fg8jkjq2s,UCp6NUFV9mSEK6RxUiEVymVg
F_TrgC7h52s,UCp6NUFV9mSEK6RxUiEVymVg
ObqmZjBXO9I,UCp6NUFV9mSEK6RxUiEVymVg
ZAdJ7CdN7DY,UCp6NUFV9mSEK6RxUiEVymVg
ToXoDdUOzj8,UCp6NUFV9mSEK6RxUiEVymVg
St__HLMZ8qQ,UCp6NUFV9mSEK6RxUiEVymVg
3JPPPJm2WJI,UCp6NUFV9mSEK6RxUiEVymVg
V4tmb4JLuQo,UCp6NUFV9mSEK6RxUiEVymVg
9YZfN6q_k0U,UCEWiIE6Htd8mvlOR6YQez1g
tYjhZO2xlIQ,
mQS3NCLiD7A,UCj1LxybwM853cCvndtZmOkQ
4as8Sc64ywE,UCe9KurO7bRXqRGn0756FYfA
OTJIE6qnFh0,UCoyG8VyvB-XUxQl1mD3T3Gw
EnNmlSb67iQ,UCE_2iqCm2eowadFiy2V8mUw
AeR8PyuXGgs,UCp6NUFV9mSEK6RxUiEVymVg
8TX1OGHd1M0,UCp6NUFV9mSEK6RxUiEVymVg
Wh4N-cka7Uc,UCoyG8VyvB-XUxQl1mD3T3Gw
ytfUDTQgvS8,UCp6NUFV9mSEK6RxUiEVymVg
09iwpS631hE,UCp6NUFV9mSEK6RxUiEVymVg
hBkpdqSWpdw,UCp6NUFV9mSEK6RxUiEVymVg
wWNVpFibayA,UC9CjkhQp1jX8Hbtbg6OZ9dw
7feviVScfhE,UC9CjkhQp1jX8Hbtbg6OZ9dw
xTL3drP8GoU,UCp6NUFV9mSEK6RxUiEVymVg
bMt55zNrIAY,UCoyG8VyvB-XUxQl1mD3T3Gw
e0ypvKUHgdw,UC9CjkhQp1jX8Hbtbg6OZ9dw
AQwRYeTzLzI,UCE_2iqCm2eowadFiy2V8mUw
7R79pevKm_k,UC9CjkhQp1jX8Hbtbg6OZ9dw
dZhF9aqkEyM,UCE_2iqCm2eowadFiy2V8mUw
CcZup461LNY,UCE_2iqCm2eowadFiy2V8mUw
52P4xkMYOOc,UCE_2iqCm2eowadFiy2V8mUw
PZ6N7hXncWs,UC9CjkhQp1jX8Hbtbg6OZ9dw
-0sZ7gICwIw,UCE_2iqCm2eowadFiy2V8mUw
_BorB9dv5VM,UC9CjkhQp1jX8Hbtbg6OZ9dw
P0O_vknbMhc,UCp6NUFV9mSEK6RxUiEVymVg
0om0g8363SM,UCE_2iqCm2eowadFiy2V8mUw
l8zsbgvhyPc,UC9CjkhQp1jX8Hbtbg6OZ9dw
jtuZiYHd2Aw,UCE_2iqCm2eowadFiy2V8mUw
u0EyYlrF-fk,UCp6NUFV9mSEK6RxUiEVymVg
QRcpML4ILgo,UCp6NUFV9mSEK6RxUiEVymVg
fcYB5bjwk5o,UCp6NUFV9mSEK6RxUiEVymVg
FKI2-epZKdk,UCp6NUFV9mSEK6RxUiEVymVg
vclx1-yeYRE,UCj1LxybwM853cCvndtZmOkQ
58LATtdZUFM,UCE_2iqCm2eowadFiy2V8mUw
EeNTMlLYSKU,UCBwSCyzT3GukpVdUdxMjKYw
epaAGpFFSP0,UCp6NUFV9mSEK6RxUiEVymVg
ornhUriiLg4,UCp6NUFV9mSEK6RxUiEVymVg
eNokHW5RHdg,UCOghGALkYmQpJxj65TyWpAw
Qw_Bf0c2CqM,UCOghGALkYmQpJxj65TyWpAw
xWv0slqUSL0,UCOghGALkYmQpJxj65TyWpAw
AiAw4tOlQD8,UCOghGALkYmQpJxj65TyWpAw
Io30yXB9TQw,UCOghGALkYmQpJxj65TyWpAw
S-rjeqCyqno,UCp6NUFV9mSEK6RxUiEVymVg
Xjm6y8rs8u4,UCp6NUFV9mSEK6RxUiEVymVg
Njl1VWud1WE,UCp6NUFV9mSEK6RxUiEVymVg
0GJQwp9q2J4,UCOghGALkYmQpJxj65TyWpAw
NAWz7MgG8J0,UCp6NUFV9mSEK6RxUiEVymVg
NMEumM7rTa0,UCBwSCyzT3GukpVdUdxMjKYw
JPMSIfWMomU,UCBwSCyzT3GukpVdUdxMjKYw
H1D7x4o7sJM,UCBwSCyzT3GukpVdUdxMjKYw
vnkbizxOFhw,UCp6NUFV9mSEK6RxUiEVymVg
xAN50Aqu6Qo,UCOghGALkYmQpJxj65TyWpAw
tuEHy2Retng,UCOghGALkYmQpJxj65TyWpAw
vTOInLs3JL8,UCp6NUFV9mSEK6RxUiEVymVg
gcZBHG4BUbI,UCOghGALkYmQpJxj65TyWpAw
_ERGpho0vDs,UCE_2iqCm2eowadFiy2V8mUw
FF8Ks1aJ_6c,UCE_2iqCm2eowadFiy2V8mUw
ulpxlNFfbF8,UCE_2iqCm2eowadFiy2V8mUw
YAW-Hx8rQTM,UCE_2iqCm2eowadFiy2V8mUw
nZ6KQtMpx8o,UCp6NUFV9mSEK6RxUiEVymVg
GcL9UtXU5zE,UCp6NUFV9mSEK6RxUiEVymVg
JDeWpP4C2lk,UCp6NUFV9mSEK6RxUiEVymVg
8nplUD7pIIo,UCE_2iqCm2eowadFiy2V8mUw
qUgPgHqBPTo,UCp6NUFV9mSEK6RxUiEVymVg
X4ADxg0i-aA,UCp6NUFV9mSEK6RxUiEVymVg
vZA68XLPwtI,UCp6NUFV9mSEK6RxUiEVymVg
qMwekjXrNzw,UCp6NUFV9mSEK6RxUiEVymVg
YZi3ft6EPYY,UCOghGALkYmQpJxj65TyWpAw
Vix93DAZts8,UCOghGALkYmQpJxj65TyWpAw
56CXyStvghk,UCOghGALkYmQpJxj65TyWpAw
xgwIixtYRJM,UCOghGALkYmQpJxj65TyWpAw
kDReUirWm34,UCOghGALkYmQpJxj65TyWpAw
Y4DHwYtvbJ4,UCj1LxybwM853cCvndtZmOkQ
DG7aTLUNLQI,UCp6NUFV9mSEK6RxUiEVymVg
KswyiaYtB48,UCOghGALkYmQpJxj65TyWpAw
ey9KKPs1W48,UCp6NUFV9mSEK6RxUiEVymVg
LtWioDu9QOw,UCOghGALkYmQpJxj65TyWpAw
_FkJNg85fYM,UCp6NUFV9mSEK6RxUiEVymVg
wohwlaGQQhM,UC9CjkhQp1jX8Hbtbg6OZ9dw
r7ngRzYe89c,UC9CjkhQp1jX8Hbtbg6OZ9dw
upjHh5V56tM,UCBwSCyzT3GukpVdUdxMjKYw
sRCuh5naaCw,UCp6NUFV9mSEK6RxUiEVymVg
cFRh_tFw1jo,UCp6NUFV9mSEK6RxUiEVymVg
6jWUPlR0amU,UC9CjkhQp1jX8Hbtbg6OZ9dw
ErP1ESzvedc,UC9CjkhQp1jX8Hbtbg6OZ9dw
giFKMsIH4b0,UC9CjkhQp1jX8Hbtbg6OZ9dw
YJPar1OaTtk,UC9CjkhQp1jX8Hbtbg6OZ9dw
jHFORU-TCec,UCBwSCyzT3GukpVdUdxMjKYw
isxzgOU_rFI,UCp6NUFV9mSEK6RxUiEVymVg
KzUxxuGwJ5A,UCp6NUFV9mSEK6RxUiEVymVg
vX5DC--ni10,UCj1LxybwM853cCvndtZmOkQ
Fgjj5bndy5A,UCBwSCyzT3GukpVdUdxMjKYw
xLcgwBqdspM,UCp6NUFV9mSEK6RxUiEVymVg
EeUQbpPmTPU,UCp6NUFV9mSEK6RxUiEVymVg
2ZDl-YG37wA,UC9CjkhQp1jX8Hbtbg6OZ9dw
uNr5pz9vDSg,UCj1LxybwM853cCvndtZmOkQ
CS_tohQq2FA,UC9CjkhQp1jX8Hbtbg6OZ9dw
XWIBqMR2PFQ,UC9CjkhQp1jX8Hbtbg6OZ9dw
im8Ntdm1b5E,UC9CjkhQp1jX8Hbtbg6OZ9dw
66PKF5KvdNA,UC9CjkhQp1jX8Hbtbg6OZ9dw
Wv9kwlabdlo,UC9CjkhQp1jX8Hbtbg6OZ9dw
UjUEv02kPZ4,UC9CjkhQp1jX8Hbtbg6OZ9dw
xmTt0MvyYQ8,UC9CjkhQp1jX8Hbtbg6OZ9dw
IiIWu8AFhRo,UC9CjkhQp1jX8Hbtbg6OZ9dw
ixyMWOffUxk,UC9CjkhQp1jX8Hbtbg6OZ9dw
CupW0donbd0,UC9CjkhQp1jX8Hbtbg6OZ9dw
8gnzB6endn0,UC9CjkhQp1jX8Hbtbg6OZ9dw
NQUz1bv2yNc,UC9CjkhQp1jX8Hbtbg6OZ9dw
K5LDnwxpt6I,UC9CjkhQp1jX8Hbtbg6OZ9dw
xc9Vs1hzgPc,UC9CjkhQp1jX8Hbtbg6OZ9dw
04m6SlvzvKY,UC9CjkhQp1jX8Hbtbg6OZ9dw
c-NtFRj74Qk,UCp6NUFV9mSEK6RxUiEVymVg
0eCwb1KfwaY,UC9CjkhQp1jX8Hbtbg6OZ9dw
fFKUatsKGK8,UC9CjkhQp1jX8Hbtbg6OZ9dw
bUZkHLeANtA,UC9CjkhQp1jX8Hbtbg6OZ9dw
PZ_Z6c6LG7o,UC9CjkhQp1jX8Hbtbg6OZ9dw
o9YewaoDJ4M,UC9CjkhQp1jX8Hbtbg6OZ9dw
qkToa_J7ssw,UC9CjkhQp1jX8Hbtbg6OZ9dw
Y8OZoNd8P_8,UC9CjkhQp1jX8Hbtbg6OZ9dw
367hPy-eb60,UC9CjkhQp1jX8Hbtbg6OZ9dw
5u7IMPJe_LE,UC9CjkhQp1jX8Hbtbg6OZ9dw
Kk0q6bKTvTg,UC9CjkhQp1jX8Hbtbg6OZ9dw
EyoUK73n6io,UC9CjkhQp1jX8Hbtbg6OZ9dw
oS4PvaFwhaw,UC9CjkhQp1jX8Hbtbg6OZ9dw
FLzOi5mDYok,UC9CjkhQp1jX8Hbtbg6OZ9dw
dzV3rqMT2Xw,UC9CjkhQp1jX8Hbtbg6OZ9dw
vDWA3mE30cI,UC9CjkhQp1jX8Hbtbg6OZ9dw
93VPog3EKbs,UC9CjkhQp1jX8Hbtbg6OZ9dw
9BOku0cxZdw,UC9CjkhQp1jX8Hbtbg6OZ9dw
ty7Pal6zm_k,UC9CjkhQp1jX8Hbtbg6OZ9dw
6btgCuxguME,UC9CjkhQp1jX8Hbtbg6OZ9dw
jtmU6KleTzk,UC9CjkhQp1jX8Hbtbg6OZ9dw
zbCgPJ3_2x8,UC9CjkhQp1jX8Hbtbg6OZ9dw
nEitnaaP5Y0,UCp6NUFV9mSEK6RxUiEVymVg
d_ZSXAy9cI4,UCp6NUFV9mSEK6RxUiEVymVg
FC1bmRDXPMc,UC9CjkhQp1jX8Hbtbg6OZ9dw
qMPXPH2lGRQ,UC9CjkhQp1jX8Hbtbg6OZ9dw
xskkTmDK0hY,UC9CjkhQp1jX8Hbtbg6OZ9dw
v-7aSDcPiTg,UCj1LxybwM853cCvndtZmOkQ
3EA0IfNVQBo,UCp6NUFV9mSEK6RxUiEVymVg
s337LLReke0,UC9CjkhQp1jX8Hbtbg6OZ9dw
cMDVLuIr4VU,UCp6NUFV9mSEK6RxUiEVymVg
pHEFfo9wwU4,UCp6NUFV9mSEK6RxUiEVymVg
frzBRAnCPZ0,UCp6NUFV9mSEK6RxUiEVymVg
dtsAY_VpAjk,UCp6NUFV9mSEK6RxUiEVymVg
CGQsw_IIGD0,UCp6NUFV9mSEK6RxUiEVymVg
2uYsiYFVbtc,UCp6NUFV9mSEK6RxUiEVymVg
uzHjw2Yzd-g,UCp6NUFV9mSEK6RxUiEVymVg
C7YXWLb_lyM,UCoyG8VyvB-XUxQl1mD3T3Gw
nb121935bjs,UCp6NUFV9mSEK6RxUiEVymVg
_jjr92lA8RM,UCp6NUFV9mSEK6RxUiEVymVg
RlVpGZU6wYg,UCoyG8VyvB-XUxQl1mD3T3Gw
gMFku9Vv2gk,UCoyG8VyvB-XUxQl1mD3T3Gw
Rf9WfUL64BY,UCoyG8VyvB-XUxQl1mD3T3Gw
tPqbM3buK8M,UC9CjkhQp1jX8Hbtbg6OZ9dw
5bpgf_OCTKM,UCp6NUFV9mSEK6RxUiEVymVg
-IQZyL15EsM,UCOghGALkYmQpJxj65TyWpAw
KZ8uw30GR5k,
nyQJuo6tsBI,
LK5LVa9qqkk,UCp6NUFV9mSEK6RxUiEVymVg
IzbM6uLyoao,UCp6NUFV9mSEK6RxUiEVymVg
4iwHiXLhQuQ,UCp6NUFV9mSEK6RxUiEVymVg
e66G8xfKIHA,UCp6NUFV9mSEK6RxUiEVymVg
Fhc9OxAmbPY,UCp6NUFV9mSEK6RxUiEVymVg
Yp2Fvt3P_H4,UCp6NUFV9mSEK6RxUiEVymVg
j4apVlKSOgA,
rSHywlNjrNc,UCp6NUFV9mSEK6RxUiEVymVg
krbL5pa_3gU,UCE_2iqCm2eowadFiy2V8mUw
xoV92dJCi3U,UCoyG8VyvB-XUxQl1mD3T3Gw
aZA1JHMcd6I,UCp6NUFV9mSEK6RxUiEVymVg
P-8ZPBW-5wE,UCp6NUFV9mSEK6RxUiEVymVg
u6cpFoYGRUk,UC9CjkhQp1jX8Hbtbg6OZ9dw
ZaTZn5FVLl0,UC9CjkhQp1jX8Hbtbg6OZ9dw
xXw_eqr6O7M,UC9CjkhQp1jX8Hbtbg6OZ9dw
3jvFIU4SenI,UCp6NUFV9mSEK6RxUiEVymVg
4FfiuAmB2KE,UC9CjkhQp1jX8Hbtbg6OZ9dw
0b-pkNgfxJ8,UCG5LuxhUtax6wVhH1qPNxvA
M81vXPbJh34,UCG5LuxhUtax6wVhH1qPNxvA
PvwYK3aOvMk,UCG5LuxhUtax6wVhH1qPNxvA
A8agOMiSCDo,UCG5LuxhUtax6wVhH1qPNxvA
zyic_J8mnkE,UCG5LuxhUtax6wVhH1qPNxvA
f7uZSPF9tQc,UCG5LuxhUtax6wVhH1qPNxvA
pbisulyD9UE,UCG5LuxhUtax6wVhH1qPNxvA
3405wpES_NM,UCp6NUFV9mSEK6RxUiEVymVg
MfRnKe-xxLM,UCE_2iqCm2eowadFiy2V8mUw
YJHCJ0Kddvk,UCp6NUFV9mSEK6RxUiEVymVg
JZXT4kOar3o,
ra5FILAakqw,
3weWuHMb6l0,
Glo5zP3sMpM,UCp6NUFV9mSEK6RxUiEVymVg
OzcN_gJloYU,UCp6NUFV9mSEK6RxUiEVymVg
_-VXnMf6ct8,UCp6NUFV9mSEK6RxUiEVymVg
7DWGoS-NMqg,UCp6NUFV9mSEK6RxUiEVymVg
LKyy_1eIaok,UCp6NUFV9mSEK6RxUiEVymVg
XgfPF35JMNo,UCp6NUFV9mSEK6RxUiEVymVg
eYMPABuI210,UCp6NUFV9mSEK6RxUiEVymVg
hX2eSzg6ss8,UCp6NUFV9mSEK6RxUiEVymVg
1NYcXt1D_RY,UCp6NUFV9mSEK6RxUiEVymVg
YMj_qJtry6M,UCoyG8VyvB-XUxQl1mD3T3Gw
0T4hMvKHSD4,
vHf70vp7aBI,
c5hEngRkCz0,
cr2UTf5Ccj0,
V-klCvWDnT4,
OIaVa3BtLHc,
k_IAOINmEJ4,
ze47nf60B1E,
E3BXrKYMwT0,
22VFvO8HrWQ,
RQcajtklfGU,
A28tReK2MfM,UCj1LxybwM853cCvndtZmOkQ
4u3A6aVOcG4,UCp6NUFV9mSEK6RxUiEVymVg
KMHIudSpTKQ,UC9CjkhQp1jX8Hbtbg6OZ9dw
bbm2WBKZhYI,UC9CjkhQp1jX8Hbtbg6OZ9dw
XWH2v_53isg,UC9CjkhQp1jX8Hbtbg6OZ9dw
3-Gz6kSe1H8,UC9CjkhQp1jX8Hbtbg6OZ9dw
uZPZBzjwgBI,UC9CjkhQp1jX8Hbtbg6OZ9dw
dqCPrAaYlh0,
HMmlctXGUOM,UC9CjkhQp1jX8Hbtbg6OZ9dw
aglidIqSrnE,UC9CjkhQp1jX8Hbtbg6OZ9dw
B7WOMS1MX4A,UC9CjkhQp1jX8Hbtbg6OZ9dw
ArVx-fXH9gs,UC9CjkhQp1jX8Hbtbg6OZ9dw
73dZB0luvyk,UC9CjkhQp1jX8Hbtbg6OZ9dw
Ba9S2BQcRG4,UC9CjkhQp1jX8Hbtbg6OZ9dw
dWgE2ZAu2JI,UC9CjkhQp1jX8Hbtbg6OZ9dw
sLl3ixj1zjQ,UC9CjkhQp1jX8Hbtbg6OZ9dw
ooA6FmTL4Dk,UC9CjkhQp1jX8Hbtbg6OZ9dw
6529hLGsJW8,UCp6NUFV9mSEK6RxUiEVymVg
RI-z1K5ENDY,UCE_2iqCm2eowadFiy2V8mUw
hGmgjV54_TQ,UCp6NUFV9mSEK6RxUiEVymVg
TaVFcqZwzEc,UCE_2iqCm2eowadFiy2V8mUw
8Cb_CTyquok,UCp6NUFV9mSEK6RxUiEVymVg
2x1ZDxCIuVo,
C5nBexDu2ug,UCE_2iqCm2eowadFiy2V8mUw
R3LDtqGg4TE,UCE_2iqCm2eowadFiy2V8mUw
9i9Fem9f_I0,UCE_2iqCm2eowadFiy2V8mUw
jddOO8KRAW8,UCE_2iqCm2eowadFiy2V8mUw
Df1GUuq52gM,UCj1LxybwM853cCvndtZmOkQ
ss6gRpvo2vU,UCoyG8VyvB-XUxQl1mD3T3Gw
QQxHQOJW3l4,UCj1LxybwM853cCvndtZmOkQ
NgxHR-VPeRQ,UCj1LxybwM853cCvndtZmOkQ
7IwcTmZhyYs,
t1tlntxyJyc,UCp6NUFV9mSEK6RxUiEVymVg
Ai6xH5qRzb0,UCOghGALkYmQpJxj65TyWpAw
l708PxZMDIE,UCp6NUFV9mSEK6RxUiEVymVg
05dyPwHgiGI,UCp6NUFV9mSEK6RxUiEVymVg
OKWhNUyUclI,UCOghGALkYmQpJxj65TyWpAw
lJF5FnGT7wo,UCOghGALkYmQpJxj65TyWpAw
UNDeJFCPmTE,UCOghGALkYmQpJxj65TyWpAw
i5V5kRFUyxI,UCj1LxybwM853cCvndtZmOkQ
9cct2UVqXEk,UCE_2iqCm2eowadFiy2V8mUw
7ftw1U9uPl8,UCE_2iqCm2eowadFiy2V8mUw
xyKNgnPUEOA,UCE_2iqCm2eowadFiy2V8mUw
i75Zd3Y_Y8o,UCp6NUFV9mSEK6RxUiEVymVg
X0jyh1nkN9Q,UCj1LxybwM853cCvndtZmOkQ
c17PXh_EMVs,UCBwSCyzT3GukpVdUdxMjKYw
obN27RcHaao,UCp6NUFV9mSEK6RxUiEVymVg
f5NtbqtN4ts,UCG5LuxhUtax6wVhH1qPNxvA
1350DVJBLW8,UCZ_BdxbDHh-X4DrEDqV-Qng
UiUFV3sOJ2k,UCp6NUFV9mSEK6RxUiEVymVg
ceWJIhykhCY,UCp6NUFV9mSEK6RxUiEVymVg
WiFLDjsxtrk,UCp6NUFV9mSEK6RxUiEVymVg
jPzMh4PhLV8,UCp6NUFV9mSEK6RxUiEVymVg
YcemOUZOiWs,UCp6NUFV9mSEK6RxUiEVymVg
shQrZ2FsDvY,UCOghGALkYmQpJxj65TyWpAw
A4jhJixPjMI,UCp6NUFV9mSEK6RxUiEVymVg
q2btvA25s2g,UCp6NUFV9mSEK6RxUiEVymVg
LGj3UnYhUzw,UCp6NUFV9mSEK6RxUiEVymVg
s7mUkicqieY,UCoyG8VyvB-XUxQl1mD3T3Gw
MU2QogmOd_M,UCp6NUFV9mSEK6RxUiEVymVg
VDa-OUj9A5I,UCp6NUFV9mSEK6RxUiEVymVg
4NBxcCb9zUk,UCoyG8VyvB-XUxQl1mD3T3Gw
TEuE9cqvAGQ,UCG5LuxhUtax6wVhH1qPNxvA
yUu3hrSSiUk,UCG5LuxhUtax6wVhH1qPNxvA
hsRHt42m8yc,UCG5LuxhUtax6wVhH1qPNxvA
HsqtHT8auxg,UCG5LuxhUtax6wVhH1qPNxvA
Y0mcyJ0Wwnw,UCG5LuxhUtax6wVhH1qPNxvA
_hZVMf_elDQ,UCoyG8VyvB-XUxQl1mD3T3Gw
-Aa2lKR68gA,UCoyG8VyvB-XUxQl1mD3T3Gw
MvsJMnsCBmI,UCoyG8VyvB-XUxQl1mD3T3Gw
ZHyIJ1UA5R8,UCoyG8VyvB-XUxQl1mD3T3Gw
yrx7PT4CzUE,UCoyG8VyvB-XUxQl1mD3T3Gw
UoPonzqnRDI,UCoyG8VyvB-XUxQl1mD3T3Gw
K5LKn1dXDmY,UCj1LxybwM853cCvndtZmOkQ
SArRwunroC0,UCj1LxybwM853cCvndtZmOkQ
KAbduQgMbT0,
cX91XCjf6BY,UCoyG8VyvB-XUxQl1mD3T3Gw
GjZ-mV9nk1E,UC9CjkhQp1jX8Hbtbg6OZ9dw
kMS6b40GsJo,UCj1LxybwM853cCvndtZmOkQ
bskU4ealzMk,UCoyG8VyvB-XUxQl1mD3T3Gw
Ncf2aVMvpLE,UCE_2iqCm2eowadFiy2V8mUw
5O8TZWLN4hU,UCE_2iqCm2eowadFiy2V8mUw
eVJ_IvRP2cE,UCOghGALkYmQpJxj65TyWpAw
a47p2lO12Rs,UCp6NUFV9mSEK6RxUiEVymVg
K0TWEcxyPsM,UCE_2iqCm2eowadFiy2V8mUw
IiEnW8sXK_k,UCOghGALkYmQpJxj65TyWpAw
lVZxA6nYLIg,UCOghGALkYmQpJxj65TyWpAw
_SnfnuIc0ng,UCOghGALkYmQpJxj65TyWpAw
SJ1cKkP4hcw,UCp6NUFV9mSEK6RxUiEVymVg
AzaQMriWRFw,UCOghGALkYmQpJxj65TyWpAw
zN4yCBvFiHo,UCOghGALkYmQpJxj65TyWpAw
5KbMVQTd3ks,UCj1LxybwM853cCvndtZmOkQ
UZPWrysJSKk,UCj1LxybwM853cCvndtZmOkQ
OXL4EAS8RXw,UCj1LxybwM853cCvndtZmOkQ
aKI-01mGEq0,UCp6NUFV9mSEK6RxUiEVymVg
LZL1gBXNZlM,UCp6NUFV9mSEK6RxUiEVymVg
vBy-vrHy7HE,UCp6NUFV9mSEK6RxUiEVymVg
80-MdvHYIg8,UCp6NUFV9mSEK6RxUiEVymVg
TBZW-yl9jQM,UCp6NUFV9mSEK6RxUiEVymVg
bJiioqMtXvM,UCE_2iqCm2eowadFiy2V8mUw
XG5sl_7Zi6k,UCj1LxybwM853cCvndtZmOkQ
9gGuurzr-w4,UCj1LxybwM853cCvndtZmOkQ
5v1dcqqp2p0,UCj1LxybwM853cCvndtZmOkQ
MK6543HiYZY,UCj1LxybwM853cCvndtZmOkQ
HguM1tCE_FI,UCj1LxybwM853cCvndtZmOkQ
gGO8LunMI-U,UCj1LxybwM853cCvndtZmOkQ
s4m-dMt8mvA,UCj1LxybwM853cCvndtZmOkQ
VgKMRCxD1m0,UCj1LxybwM853cCvndtZmOkQ
RL0Loxk7EaE,UCj1LxybwM853cCvndtZmOkQ
jAYvizggc9M,UCj1LxybwM853cCvndtZmOkQ
2MqNHGeIBIE,UCp6NUFV9mSEK6RxUiEVymVg
JZKCdVWB5gY,UC9CjkhQp1jX8Hbtbg6OZ9dw
VdnYReRDkI4,UCoyG8VyvB-XUxQl1mD3T3Gw
VH1qEV8I77k,UCoyG8VyvB-XUxQl1mD3T3Gw
ckarvGJE8Qc,UC9CjkhQp1jX8Hbtbg6OZ9dw
owrDJCEmBro,UCG5LuxhUtax6wVhH1qPNxvA
da2agUGAj1Y,UCp6NUFV9mSEK6RxUiEVymVg
dAAYPOWpqmQ,UCp6NUFV9mSEK6RxUiEVymVg
9eHjPmIBEQM,UCp6NUFV9mSEK6RxUiEVymVg
lsndi_S1jqo,UCp6NUFV9mSEK6RxUiEVymVg
KmmpvmzwE7Y,UCp6NUFV9mSEK6RxUiEVymVg
3e1xDBUVfks,UCG5LuxhUtax6wVhH1qPNxvA
_YlZozkFvFY,UCG5LuxhUtax6wVhH1qPNxvA
ECmcpRxDink,UCp6NUFV9mSEK6RxUiEVymVg
2GdpSl1u_pQ,UCp6NUFV9mSEK6RxUiEVymVg
1Wc-e0FD14U,UCp6NUFV9mSEK6RxUiEVymVg
rB8hsUuFHtw,UCG5LuxhUtax6wVhH1qPNxvA
hzhaJFxjQVs,UCp6NUFV9mSEK6RxUiEVymVg
q7dpcDA8-8I,UCp6NUFV9mSEK6RxUiEVymVg
7GUPxqr3XkY,UCBwSCyzT3GukpVdUdxMjKYw
H7rFTqSc_I4,UCp6NUFV9mSEK6RxUiEVymVg
ZZg4ckRLgVE,UCp6NUFV9mSEK6RxUiEVymVg
_3891e62MdI,UCj1LxybwM853cCvndtZmOkQ
MoXh3dIgoZw,UC9CjkhQp1jX8Hbtbg6OZ9dw
lQMVo96ygqU,UCp6NUFV9mSEK6RxUiEVymVg
PVvHdU41uns,UCp6NUFV9mSEK6RxUiEVymVg
vE8NK8NNGCU,UCoyG8VyvB-XUxQl1mD3T3Gw
9xK7rrKGsYM,UCp6NUFV9mSEK6RxUiEVymVg
tquX5-n7AKA,UCp6NUFV9mSEK6RxUiEVymVg
eD8iumhhf0c,UC9CjkhQp1jX8Hbtbg6OZ9dw
wo4gNX608U0,UCoyG8VyvB-XUxQl1mD3T3Gw
lvYQlLnuyNY,UCoyG8VyvB-XUxQl1mD3T3Gw
_UiKdgasgQ0,UC9CjkhQp1jX8Hbtbg6OZ9dw
UmAIiQb9tJQ,UC9CjkhQp1jX8Hbtbg6OZ9dw
bOeH-bjTSLw,UC9CjkhQp1jX8Hbtbg6OZ9dw
XwD2eEreCoQ,UC9CjkhQp1jX8Hbtbg6OZ9dw
J3d8tf_Fcvg,UC9CjkhQp1jX8Hbtbg6OZ9dw
mgUCj39tMzc,UC9CjkhQp1jX8Hbtbg6OZ9dw
tekg8OjrfDM,UC9CjkhQp1jX8Hbtbg6OZ9dw
x2TuacPvPNw,UC9CjkhQp1jX8Hbtbg6OZ9dw
5Ez9SDyBdmU,UC9CjkhQp1jX8Hbtbg6OZ9dw
pAljGe0esQU,UC9CjkhQp1jX8Hbtbg6OZ9dw
aE1jzM3lsAE,UC9CjkhQp1jX8Hbtbg6OZ9dw
BoosotKtOfE,UC9CjkhQp1jX8Hbtbg6OZ9dw
rvyFYFXCj5c,UCp6NUFV9mSEK6RxUiEVymVg
hS8HlKzAiKY,UCp6NUFV9mSEK6RxUiEVymVg
IYwrOX5c66c,UCp6NUFV9mSEK6RxUiEVymVg
a9lE9Urr6AQ,UC9CjkhQp1jX8Hbtbg6OZ9dw
Mh_q8bABgHU,UC9CjkhQp1jX8Hbtbg6OZ9dw
ZumrTjyj8KE,UC9CjkhQp1jX8Hbtbg6OZ9dw
JmvLwHY_eaw,UC9CjkhQp1jX8Hbtbg6OZ9dw
tvzUObPxz74,UCp6NUFV9mSEK6RxUiEVymVg
rS6bjn2oZTY,UC9CjkhQp1jX8Hbtbg6OZ9dw
yJW6bJdKFpQ,UC9CjkhQp1jX8Hbtbg6OZ9dw
iNIgjZd969c,UCj1LxybwM853cCvndtZmOkQ
T34zjdniO_8,UCp6NUFV9mSEK6RxUiEVymVg
akwe9SI4LRA,UCp6NUFV9mSEK6RxUiEVymVg
7GnFBiFmMyE,UC9CjkhQp1jX8Hbtbg6OZ9dw
XI1QcQL4qQ8,UC9CjkhQp1jX8Hbtbg6OZ9dw
cFdbmOUq2R0,UC9CjkhQp1jX8Hbtbg6OZ9dw
cNoVgDqqJmM,UC9CjkhQp1jX8Hbtbg6OZ9dw
S9YmaNuvw5U,UC9CjkhQp1jX8Hbtbg6OZ9dw
n6WBrYbkPD0,UC9CjkhQp1jX8Hbtbg6OZ9dw
dM2Fc53Dtd4,UC9CjkhQp1jX8Hbtbg6OZ9dw
Nwa-uQwrHw4,UC9CjkhQp1jX8Hbtbg6OZ9dw
It9_CREt9y0,UCp6NUFV9mSEK6RxUiEVymVg
W4ed8p8pRyc,UCOghGALkYmQpJxj65TyWpAw
s-KVYnD3Vvc,UCOghGALkYmQpJxj65TyWpAw
j7xKykDvjz8,UCp6NUFV9mSEK6RxUiEVymVg
fo2ZStEys8U,UCp6NUFV9mSEK6RxUiEVymVg
Ecr0ywdARIA,UCp6NUFV9mSEK6RxUiEVymVg
KUhORHjJj08,
N3hLpRP_IEk,UCp6NUFV9mSEK6RxUiEVymVg
f4jIWbQpjdE,UCj1LxybwM853cCvndtZmOkQ
pvsnRKC2Y-8,UCp6NUFV9mSEK6RxUiEVymVg
_rIwzsTwT0U,UCp6NUFV9mSEK6RxUiEVymVg
CeQUJN9DOBg,UCoyG8VyvB-XUxQl1mD3T3Gw
ElQoak-GDU0,UCp6NUFV9mSEK6RxUiEVymVg
FMIaBwOOaRE,UCp6NUFV9mSEK6RxUiEVymVg
ydOEphq-WtY,UCp6NUFV9mSEK6RxUiEVymVg
pKFueVZCWPc,UCp6NUFV9mSEK6RxUiEVymVg
d81-5aEiV2Y,UCoyG8VyvB-XUxQl1mD3T3Gw
8cBHJlxhJDU,UCoyG8VyvB-XUxQl1mD3T3Gw
8xG8_aEFLWc,UCoyG8VyvB-XUxQl1mD3T3Gw
wYU4_Wgnbcs,UCp6NUFV9mSEK6RxUiEVymVg
6W69-C2w5_0,UCoyG8VyvB-XUxQl1mD3T3Gw
R-sUWvlHVZg,UCoyG8VyvB-XUxQl1mD3T3Gw
MTqOBqLm3dI,
oDzecz8F4yI,UCp6NUFV9mSEK6RxUiEVymVg
ZbTnqvcBhww,UCp6NUFV9mSEK6RxUiEVymVg
UPDG41DYQL0,UC9CjkhQp1jX8Hbtbg6OZ9dw
O9dlP1PS1Nc,UC9CjkhQp1jX8Hbtbg6OZ9dw
JU2-3TZS0dI,UC9CjkhQp1jX8Hbtbg6OZ9dw
j-sZS3Ny244,UCp6NUFV9mSEK6RxUiEVymVg
KM6P27SXfQU,UC9CjkhQp1jX8Hbtbg6OZ9dw
8X1eao17Lok,UC9CjkhQp1jX8Hbtbg6OZ9dw
JPd0Av4OlGg,UCG5LuxhUtax6wVhH1qPNxvA
GvSRai71mlQ,UCE_2iqCm2eowadFiy2V8mUw
gxyffdQHSa0,UCp6NUFV9mSEK6RxUiEVymVg
sfioLrCV_H8,UCp6NUFV9mSEK6RxUiEVymVg
gyDjOFPQ_Sw,
yEXrnEfaeNI,UCgiqffM5cPTYuGxYaTpPDyQ
DuZrKjBtWbQ,UCgiqffM5cPTYuGxYaTpPDyQ
vbvBQbvnHSo,UCgiqffM5cPTYuGxYaTpPDyQ
3ujrfhTtxAY,UCgiqffM5cPTYuGxYaTpPDyQ
qHDeM6_O3vI,UCgiqffM5cPTYuGxYaTpPDyQ
AV-nx7oRD5E,UCgiqffM5cPTYuGxYaTpPDyQ
eM5sYO9yVhI,UCE_2iqCm2eowadFiy2V8mUw
CVD4ufZ7uXM,UCp6NUFV9mSEK6RxUiEVymVg
YMkCOpf38Vc,UCp6NUFV9mSEK6RxUiEVymVg
glMCvo_V25E,UCp6NUFV9mSEK6RxUiEVymVg
ieJQ7TZdEf4,UCp6NUFV9mSEK6RxUiEVymVg
nGLiY6ne2fk,UCG5LuxhUtax6wVhH1qPNxvA
CoTz7dRoldk,UCG5LuxhUtax6wVhH1qPNxvA
SunvdRgKCtA,UCG5LuxhUtax6wVhH1qPNxvA
3p9vwQONoig,UCoyG8VyvB-XUxQl1mD3T3Gw
SJEXmOYccE8,UCG5LuxhUtax6wVhH1qPNxvA
_u-3J-3c390,UCoyG8VyvB-XUxQl1mD3T3Gw
YZy2w-nTmQI,UCoyG8VyvB-XUxQl1mD3T3Gw
Y8I5wHAS4tI,UC9CjkhQp1jX8Hbtbg6OZ9dw
Yjgyk0yGyrs,UC9CjkhQp1jX8Hbtbg6OZ9dw
i0G0cuYv7eo,UCp6NUFV9mSEK6RxUiEVymVg
NT9vNXOuPDo,UCp6NUFV9mSEK6RxUiEVymVg
EQGppZnUdnM,UCE_2iqCm2eowadFiy2V8mUw
g5qQ9RksiCE,UCE_2iqCm2eowadFiy2V8mUw
ocHfRfsRiRY,UCp6NUFV9mSEK6RxUiEVymVg
FATij8oVdb0,UCG5LuxhUtax6wVhH1qPNxvA
XW2GsANd_Ak,
fnEJaH9XGys,UCp6NUFV9mSEK6RxUiEVymVg
HN8vXRuKsZI,UCj1LxybwM853cCvndtZmOkQ
FhjdDIn6CiQ,UCj1LxybwM853cCvndtZmOkQ
9kMkSiOWTKY,UCoyG8VyvB-XUxQl1mD3T3Gw
pSXbQQ8Na-o,UCp6NUFV9mSEK6RxUiEVymVg
kploYc3nO34,UCE_2iqCm2eowadFiy2V8mUw
dFnNH2-euds,UCE_2iqCm2eowadFiy2V8mUw
ZMNilG8dPiM,UCE_2iqCm2eowadFiy2V8mUw
IcwZlvXOa-A,UCp6NUFV9mSEK6RxUiEVymVg
vhYMRtqvMg8,UCp6NUFV9mSEK6RxUiEVymVg
XyPjVp2Vn4A,UCG5LuxhUtax6wVhH1qPNxvA
9oRJCbwNYE4,UCp6NUFV9mSEK6RxUiEVymVg
caSIW4-yhUk,UCp6NUFV9mSEK6RxUiEVymVg
Un1jOyX5rt4,UCoyG8VyvB-XUxQl1mD3T3Gw
ZsFUHPKJ9ws,UCoyG8VyvB-XUxQl1mD3T3Gw
ACi_dRUKE2Y,UCoyG8VyvB-XUxQl1mD3T3Gw
PSoKqaBQN5c,UCp6NUFV9mSEK6RxUiEVymVg
b-xinipgoMA,UCoyG8VyvB-XUxQl1mD3T3Gw
3agqmQwfetE,UCoyG8VyvB-XUxQl1mD3T3Gw
_q5pSnQFIR0,UCoyG8VyvB-XUxQl1mD3T3Gw
nWqEhS_KnH4,
9gYLKxJ9NbY,UCj1LxybwM853cCvndtZmOkQ
2HFYq1RGVtE,
eMzANG3Yhlk,UCE_2iqCm2eowadFiy2V8mUw
OuJ6K_eZqeQ,UCE_2iqCm2eowadFiy2V8mUw
zvZDsf9jrSE,UCoyG8VyvB-XUxQl1mD3T3Gw
ZdumDbS5_ho,UCE_2iqCm2eowadFiy2V8mUw
ySyPIoyXJ-k,UCp6NUFV9mSEK6RxUiEVymVg
yOJ8ztIfU10,UCE_2iqCm2eowadFiy2V8mUw
yhzLfLNQAyI,UCp6NUFV9mSEK6RxUiEVymVg
Ya3hHkkBa9I,
XiiOStU_VAg,UCp6NUFV9mSEK6RxUiEVymVg
wqJJcG5GANw,UCp6NUFV9mSEK6RxUiEVymVg
W66_YAO4j9o,UCp6NUFV9mSEK6RxUiEVymVg
VxyzAx9jERk,UCp6NUFV9mSEK6RxUiEVymVg
VA-8K4_4NIg,UCE_2iqCm2eowadFiy2V8mUw
TujdcJI62B4,UCp6NUFV9mSEK6RxUiEVymVg
TrSJl7M0aRE,UCp6NUFV9mSEK6RxUiEVymVg
TNQOYpz2g2s,UCp6NUFV9mSEK6RxUiEVymVg
HB1w6xDyLRs,UCp6NUFV9mSEK6RxUiEVymVg
CqnytskgzZI,UCp6NUFV9mSEK6RxUiEVymVg
_tlEeFQ7fy8,UCp6NUFV9mSEK6RxUiEVymVg
C7r-X1rnjno,UCp6NUFV9mSEK6RxUiEVymVg
lztkEALBdQw,UCj1LxybwM853cCvndtZmOkQ
d4VnvWyAqRg,UCp6NUFV9mSEK6RxUiEVymVg
cEDNmKDDiWg,UCp6NUFV9mSEK6RxUiEVymVg
1aAzwzqqjkI,UCp6NUFV9mSEK6RxUiEVymVg
_cQInUprxC4,UCp6NUFV9mSEK6RxUiEVymVg
9lb89mYoy9A,UCp6NUFV9mSEK6RxUiEVymVg
-xnbMviBXlA,
6I1gFDgd268,UCp6NUFV9mSEK6RxUiEVymVg
IKk_g3hfvmI,UCp6NUFV9mSEK6RxUiEVymVg
IohHuNqXbgI,UCp6NUFV9mSEK6RxUiEVymVg
iSw9pveXYgM,UCp6NUFV9mSEK6RxUiEVymVg
j_4-zWVpb5o,UCp6NUFV9mSEK6RxUiEVymVg
jb7YErqkEqI,UCp6NUFV9mSEK6RxUiEVymVg
jFqqkdz_ezU,UCp6NUFV9mSEK6RxUiEVymVg
JiFPH8DBB20,UCp6NUFV9mSEK6RxUiEVymVg
lAJWGMBoWRA,UCp6NUFV9mSEK6RxUiEVymVg
M74zFAkOaUk,UCp6NUFV9mSEK6RxUiEVymVg
NCPgRgm3NPs,UCp6NUFV9mSEK6RxUiEVymVg
ng7NCA5voFA,UCt3ujhzXze3fU-YgLqXzxhg
PHUiuYWqUHM,UCp6NUFV9mSEK6RxUiEVymVg
qGMWohwPV_0,UCp6NUFV9mSEK6RxUiEVymVg
rbFIHgHDRgo,UCZKMj3YI0wP-kq4QYpaKdEA
SW-QJ9PrFHY,UCp6NUFV9mSEK6RxUiEVymVg
tFZdT_FvmrY,UCp6NUFV9mSEK6RxUiEVymVg
HCe7v0i-DJg,UCE_2iqCm2eowadFiy2V8mUw
1zx8Ql8gFis,UCp6NUFV9mSEK6RxUiEVymVg
2NW5IoU_tUM,UCp6NUFV9mSEK6RxUiEVymVg
4kd7pSknJVM,UCp6NUFV9mSEK6RxUiEVymVg
533wh_3_qNM,UCp6NUFV9mSEK6RxUiEVymVg
53yFqt3UUt0,UCp6NUFV9mSEK6RxUiEVymVg
MlRDHyVhIdA,UCp6NUFV9mSEK6RxUiEVymVg
iKBhT0UnnMs,UCp6NUFV9mSEK6RxUiEVymVg
G8gn2QoRnQQ,UCp6NUFV9mSEK6RxUiEVymVg
65BrI_US7SI,UCp6NUFV9mSEK6RxUiEVymVg
6oocQGAH8ws,
6uwl-w9vSc8,UCp6NUFV9mSEK6RxUiEVymVg
9Rgt0mxMZGM,UCp6NUFV9mSEK6RxUiEVymVg
Al-8A5Sh2Eo,UCj1LxybwM853cCvndtZmOkQ
bZD3bM74ho8,UCp6NUFV9mSEK6RxUiEVymVg
c7XBlgeTOVE,UCE_2iqCm2eowadFiy2V8mUw
bkxcjqFd3cI,UCp6NUFV9mSEK6RxUiEVymVg
CDPOu0Iq2tE,UCp6NUFV9mSEK6RxUiEVymVg
cTdYourC2-4,UCE_2iqCm2eowadFiy2V8mUw
CTF3x3mXlTs,UCp6NUFV9mSEK6RxUiEVymVg
cY_7pxn0BVQ,UCp6NUFV9mSEK6RxUiEVymVg
f0SLnhKHHs4,UCp6NUFV9mSEK6RxUiEVymVg
g1LOFlcihPA,
gN9IIsDWIkY,UCp6NUFV9mSEK6RxUiEVymVg
hftmA3CcsU0,UCp6NUFV9mSEK6RxUiEVymVg
iBRX2KVozZ4,UCp6NUFV9mSEK6RxUiEVymVg
qRB5wGrA_yw,UCp6NUFV9mSEK6RxUiEVymVg
HikxvGXkNWo,UCp6NUFV9mSEK6RxUiEVymVg
gEeygHam0rM,UCp6NUFV9mSEK6RxUiEVymVg
_E8kD03c4qM,UCp6NUFV9mSEK6RxUiEVymVg
FJo1TmQK5BI,UCe9KurO7bRXqRGn0756FYfA
3qqbRAV3V8A,UCe9KurO7bRXqRGn0756FYfA
4cRfxbHt_vQ,UCe9KurO7bRXqRGn0756FYfA
wPH6WAtI948,UCe9KurO7bRXqRGn0756FYfA
H1J4NjuX6JQ,UCe9KurO7bRXqRGn0756FYfA
qegVHZ1TeRk,UCE_2iqCm2eowadFiy2V8mUw
I_ixqHe6jJs,UCE_2iqCm2eowadFiy2V8mUw
EdNUElM9KgY,UCp6NUFV9mSEK6RxUiEVymVg
GZoTmCr7Rus,UCp6NUFV9mSEK6RxUiEVymVg
flTJSB6Rl9s,UCE_2iqCm2eowadFiy2V8mUw
7ZLdDSE3KNY,UCp6NUFV9mSEK6RxUiEVymVg
nWz8yJL0lj4,UCBwSCyzT3GukpVdUdxMjKYw
txhKymHc8iQ,UCG5LuxhUtax6wVhH1qPNxvA
f5fZY0BWtrs,UCp6NUFV9mSEK6RxUiEVymVg
owWSg2Op6kU,UCp6NUFV9mSEK6RxUiEVymVg
7Dt98U4os7A,UCBwSCyzT3GukpVdUdxMjKYw
63x_ETYbb1w,UCp6NUFV9mSEK6RxUiEVymVg
ErjIobitAtk,UCp6NUFV9mSEK6RxUiEVymVg
MViB_lruowQ,UCp6NUFV9mSEK6RxUiEVymVg
